Group,Site.Name,Latitude,Longitude,Date,Time,Rain.mm,Temp,RH,WindSpeed.ms,GustSpeed.ms,WindDirection.theta,WindDirection
East Syracuse Elementary,East Syracuse Elementary,43.068611,-76.074583,10/19/2023,11:31:00,,16.411,23.185,2.01,6.04,189.5,S
East Syracuse Elementary,East Syracuse Elementary,43.068611,-76.074583,10/19/2023,11:46:00,0,16.529,45.28,1.51,5.03,206.4,SW
East Syracuse Elementary,East Syracuse Elementary,43.068611,-76.074583,10/19/2023,12:01:00,0,16.915,44.744,1.51,5.03,186.7,S
East Syracuse Elementary,East Syracuse Elementary,43.068611,-76.074583,10/19/2023,12:16:00,0,16.657,48.095,1.51,5.54,168.5,S
East Syracuse Elementary,East Syracuse Elementary,43.068611,-76.074583,10/19/2023,12:31:00,0,16.872,44.95,2.01,6.54,189.5,S
East Syracuse Elementary,East Syracuse Elementary,43.068611,-76.074583,10/19/2023,12:46:00,0,16.614,46.722,1.51,3.52,192.3,S
East Syracuse Elementary,East Syracuse Elementary,43.068611,-76.074583,10/19/2023,13:01:00,0,17.472,44.787,1.01,4.53,176.9,S
East Syracuse Elementary,East Syracuse Elementary,43.068611,-76.074583,10/19/2023,13:16:00,0,17.837,47.799,2.01,6.04,178.3,S
East Syracuse Elementary,East Syracuse Elementary,43.068611,-76.074583,10/19/2023,13:31:00,0,17.558,47.181,2.01,7.05,169.9,S
East Syracuse Elementary,East Syracuse Elementary,43.068611,-76.074583,10/19/2023,13:46:00,0,18.416,45.519,1.51,5.03,179.7,S
East Syracuse Elementary,East Syracuse Elementary,43.068611,-76.074583,10/19/2023,14:01:00,0,18.459,43.581,2.01,5.54,192.3,S
East Syracuse Elementary,East Syracuse Elementary,43.068611,-76.074583,10/19/2023,14:16:00,0,18.094,45.948,1.51,5.54,196.5,S
East Syracuse Elementary,East Syracuse Elementary,43.068611,-76.074583,10/19/2023,14:31:00,0,18.459,46.517,1.51,6.04,186.7,S
East Syracuse Elementary,East Syracuse Elementary,43.068611,-76.074583,10/19/2023,14:46:00,0,17.773,47.108,1.51,5.03,178.3,S
East Syracuse Elementary,East Syracuse Elementary,43.068611,-76.074583,10/19/2023,15:01:00,0,17.751,47.117,1.51,4.03,182.5,S
East Syracuse Elementary,East Syracuse Elementary,43.068611,-76.074583,10/19/2023,15:16:00,0,17.665,48.946,1.51,4.53,181.1,S
East Syracuse Elementary,East Syracuse Elementary,43.068611,-76.074583,10/19/2023,15:31:00,0,17.815,48.321,1.51,5.54,171.3,S
East Syracuse Elementary,East Syracuse Elementary,43.068611,-76.074583,10/19/2023,15:46:00,0,17.365,50.228,1.51,5.54,171.3,S
East Syracuse Elementary,East Syracuse Elementary,43.068611,-76.074583,10/19/2023,16:01:00,0,17.258,50.811,1.01,4.53,185.3,S
East Syracuse Elementary,East Syracuse Elementary,43.068611,-76.074583,10/19/2023,16:16:00,0,18.073,49.894,1.01,4.53,185.3,S
East Syracuse Elementary,East Syracuse Elementary,43.068611,-76.074583,10/19/2023,16:31:00,0,18.395,48.809,1.01,3.02,186.7,S
East Syracuse Elementary,East Syracuse Elementary,43.068611,-76.074583,10/19/2023,16:46:00,0,17.558,50.687,1.01,5.54,186.7,S
East Syracuse Elementary,East Syracuse Elementary,43.068611,-76.074583,10/19/2023,17:01:00,0,17.236,51.919,1.51,5.03,182.5,S
East Syracuse Elementary,East Syracuse Elementary,43.068611,-76.074583,10/19/2023,17:16:00,0,17.065,53.519,1.01,3.52,181.1,S
East Syracuse Elementary,East Syracuse Elementary,43.068611,-76.074583,10/19/2023,17:31:00,0,17.043,54.057,0.5,3.52,176.9,S
East Syracuse Elementary,East Syracuse Elementary,43.068611,-76.074583,10/19/2023,17:46:00,0,16.764,55.131,0.5,2.52,174.1,S
East Syracuse Elementary,East Syracuse Elementary,43.068611,-76.074583,10/19/2023,18:01:00,0,16.464,56.41,0,2.01,171.3,S
East Syracuse Elementary,East Syracuse Elementary,43.068611,-76.074583,10/19/2023,18:16:00,0,16.1,57.896,0,2.01,172.7,S
East Syracuse Elementary,East Syracuse Elementary,43.068611,-76.074583,10/19/2023,18:31:00,0,15.456,60.51,0,0.5,169.9,S
East Syracuse Elementary,East Syracuse Elementary,43.068611,-76.074583,10/19/2023,18:46:00,0,15.349,61.032,0,0.5,169.9,S
East Syracuse Elementary,East Syracuse Elementary,43.068611,-76.074583,10/19/2023,19:01:00,0,15.306,61.764,0,0.5,169.9,S
East Syracuse Elementary,East Syracuse Elementary,43.068611,-76.074583,10/19/2023,19:16:00,0,14.77,63.407,0,0,169.9,S
East Syracuse Elementary,East Syracuse Elementary,43.068611,-76.074583,10/19/2023,19:31:00,0,14.47,66.096,0,0.5,169.9,S
East Syracuse Elementary,East Syracuse Elementary,43.068611,-76.074583,10/19/2023,19:46:00,0,13.719,68.978,0,0,169.9,S
East Syracuse Elementary,East Syracuse Elementary,43.068611,-76.074583,10/19/2023,20:01:00,0,13.89,67.579,0,2.01,153,SE
East Syracuse Elementary,East Syracuse Elementary,43.068611,-76.074583,10/19/2023,20:16:00,0,13.483,70.617,0,0.5,136.2,SE
East Syracuse Elementary,East Syracuse Elementary,43.068611,-76.074583,10/19/2023,20:31:00,0,12.797,72.805,0,0.5,136.2,SE
East Syracuse Elementary,East Syracuse Elementary,43.068611,-76.074583,10/19/2023,20:46:00,0,13.44,70.297,0,1.01,136.2,SE
East Syracuse Elementary,East Syracuse Elementary,43.068611,-76.074583,10/19/2023,21:01:00,0,13.762,69.213,0,1.51,140.4,SE
East Syracuse Elementary,East Syracuse Elementary,43.068611,-76.074583,10/19/2023,21:16:00,0,13.74,69.541,0,1.51,148.8,SE
East Syracuse Elementary,East Syracuse Elementary,43.068611,-76.074583,10/19/2023,21:31:00,0,14.427,67.834,0.5,3.02,150.2,SE
East Syracuse Elementary,East Syracuse Elementary,43.068611,-76.074583,10/19/2023,21:46:00,0,14.727,66.632,0.5,4.53,195.1,S
East Syracuse Elementary,East Syracuse Elementary,43.068611,-76.074583,10/19/2023,22:01:00,0,14.813,67.179,1.01,5.03,183.9,S
East Syracuse Elementary,East Syracuse Elementary,43.068611,-76.074583,10/19/2023,22:16:00,0,14.727,67.536,1.01,4.53,172.7,S
East Syracuse Elementary,East Syracuse Elementary,43.068611,-76.074583,10/19/2023,22:31:00,0,14.577,68.241,1.01,3.52,182.5,S
East Syracuse Elementary,East Syracuse Elementary,43.068611,-76.074583,10/19/2023,22:46:00,0,14.77,67.648,1.51,5.03,172.7,S
East Syracuse Elementary,East Syracuse Elementary,43.068611,-76.074583,10/19/2023,23:01:00,0,14.877,67.189,1.51,4.53,186.7,S
East Syracuse Elementary,East Syracuse Elementary,43.068611,-76.074583,10/19/2023,23:16:00,0,14.813,67.536,2.01,5.54,183.9,S
East Syracuse Elementary,East Syracuse Elementary,43.068611,-76.074583,10/19/2023,23:31:00,0,14.705,68.127,1.51,5.03,181.1,S
East Syracuse Elementary,East Syracuse Elementary,43.068611,-76.074583,10/19/2023,23:46:00,0,14.813,67.987,2.01,7.05,178.3,S
East Syracuse Elementary,East Syracuse Elementary,43.068611,-76.074583,10/20/2023,0:01:00,0,14.663,68.444,1.51,6.04,182.5,S
East Syracuse Elementary,East Syracuse Elementary,43.068611,-76.074583,10/20/2023,0:16:00,0,14.705,68.353,2.01,6.54,174.1,S
East Syracuse Elementary,East Syracuse Elementary,43.068611,-76.074583,10/20/2023,0:31:00,0,14.834,68.17,1.51,6.04,171.3,S
East Syracuse Elementary,East Syracuse Elementary,43.068611,-76.074583,10/20/2023,0:46:00,0,14.727,68.595,2.01,6.04,181.1,S
East Syracuse Elementary,East Syracuse Elementary,43.068611,-76.074583,10/20/2023,1:01:00,0,14.727,68.992,2.01,5.54,179.7,S
East Syracuse Elementary,East Syracuse Elementary,43.068611,-76.074583,10/20/2023,1:16:00,0,14.963,68.069,2.01,6.04,188.1,S
East Syracuse Elementary,East Syracuse Elementary,43.068611,-76.074583,10/20/2023,1:31:00,0,14.941,68.746,2.52,8.05,178.3,S
East Syracuse Elementary,East Syracuse Elementary,43.068611,-76.074583,10/20/2023,1:46:00,0,14.984,68.344,2.52,7.05,176.9,S
East Syracuse Elementary,East Syracuse Elementary,43.068611,-76.074583,10/20/2023,2:01:00,0,15.07,68.132,2.01,6.54,189.5,S
East Syracuse Elementary,East Syracuse Elementary,43.068611,-76.074583,10/20/2023,2:16:00,0,15.113,68.38,2.01,6.54,198,S
East Syracuse Elementary,East Syracuse Elementary,43.068611,-76.074583,10/20/2023,2:31:00,0,15.092,68.801,2.52,7.05,176.9,S
East Syracuse Elementary,East Syracuse Elementary,43.068611,-76.074583,10/20/2023,2:46:00,0,15.092,68.777,2.52,7.55,174.1,S
East Syracuse Elementary,East Syracuse Elementary,43.068611,-76.074583,10/20/2023,3:01:00,0,14.941,69.317,2.52,7.55,168.5,S
East Syracuse Elementary,East Syracuse Elementary,43.068611,-76.074583,10/20/2023,3:16:00,0,14.92,69.497,2.01,7.05,174.1,S
East Syracuse Elementary,East Syracuse Elementary,43.068611,-76.074583,10/20/2023,3:31:00,0,14.941,69.258,2.52,6.04,178.3,S
East Syracuse Elementary,East Syracuse Elementary,43.068611,-76.074583,10/20/2023,3:46:00,0,14.856,69.593,2.01,5.54,175.5,S
East Syracuse Elementary,East Syracuse Elementary,43.068611,-76.074583,10/20/2023,4:01:00,0,14.813,69.854,2.01,6.04,185.3,S
East Syracuse Elementary,East Syracuse Elementary,43.068611,-76.074583,10/20/2023,4:16:00,0,14.813,69.926,2.01,7.55,182.5,S
East Syracuse Elementary,East Syracuse Elementary,43.068611,-76.074583,10/20/2023,4:31:00,0,14.877,69.592,2.52,6.54,175.5,S
East Syracuse Elementary,East Syracuse Elementary,43.068611,-76.074583,10/20/2023,4:46:00,0,14.941,69.267,2.52,8.05,169.9,S
East Syracuse Elementary,East Syracuse Elementary,43.068611,-76.074583,10/20/2023,5:01:00,0,14.77,69.683,2.01,5.54,169.9,S
East Syracuse Elementary,East Syracuse Elementary,43.068611,-76.074583,10/20/2023,5:16:00,0,14.92,69.084,2.01,7.05,181.1,S
East Syracuse Elementary,East Syracuse Elementary,43.068611,-76.074583,10/20/2023,5:31:00,0,14.941,68.646,2.01,6.54,178.3,S
East Syracuse Elementary,East Syracuse Elementary,43.068611,-76.074583,10/20/2023,5:46:00,0,14.813,69.117,2.52,6.54,174.1,S
East Syracuse Elementary,East Syracuse Elementary,43.068611,-76.074583,10/20/2023,6:01:00,0,14.727,69.63,2.01,6.04,175.5,S
East Syracuse Elementary,East Syracuse Elementary,43.068611,-76.074583,10/20/2023,6:16:00,0,14.705,69.372,2.01,6.54,176.9,S
East Syracuse Elementary,East Syracuse Elementary,43.068611,-76.074583,10/20/2023,6:31:00,0,14.663,69.129,2.01,7.05,172.7,S
East Syracuse Elementary,East Syracuse Elementary,43.068611,-76.074583,10/20/2023,6:46:00,0,14.663,68.988,2.01,6.04,175.5,S
East Syracuse Elementary,East Syracuse Elementary,43.068611,-76.074583,10/20/2023,7:01:00,0,14.663,68.882,1.51,5.54,171.3,S
East Syracuse Elementary,East Syracuse Elementary,43.068611,-76.074583,10/20/2023,7:16:00,0,14.641,68.901,1.51,5.03,186.7,S
East Syracuse Elementary,East Syracuse Elementary,43.068611,-76.074583,10/20/2023,7:31:00,0,14.641,68.795,2.01,5.54,181.1,S
East Syracuse Elementary,East Syracuse Elementary,43.068611,-76.074583,10/20/2023,7:46:00,0,14.641,68.452,1.51,6.04,192.3,S
East Syracuse Elementary,East Syracuse Elementary,43.068611,-76.074583,10/20/2023,8:01:00,0,14.62,68.26,1.51,5.03,192.3,S
East Syracuse Elementary,East Syracuse Elementary,43.068611,-76.074583,10/20/2023,8:16:00,0,14.77,67.971,1.51,5.54,202.2,S
East Syracuse Elementary,East Syracuse Elementary,43.068611,-76.074583,10/20/2023,8:31:00,0,14.856,67.797,1.51,6.04,189.5,S
East Syracuse Elementary,East Syracuse Elementary,43.068611,-76.074583,10/20/2023,8:46:00,0,15.177,67.25,2.01,6.04,182.5,S
East Syracuse Elementary,East Syracuse Elementary,43.068611,-76.074583,10/20/2023,9:01:00,0,15.542,64.947,2.01,7.05,192.3,S
East Syracuse Elementary,East Syracuse Elementary,43.068611,-76.074583,10/20/2023,9:16:00,0,15.456,66.31,2.01,6.54,195.1,S
East Syracuse Elementary,East Syracuse Elementary,43.068611,-76.074583,10/20/2023,9:31:00,0,16.7,61.654,2.01,7.05,189.5,S
East Syracuse Elementary,East Syracuse Elementary,43.068611,-76.074583,10/20/2023,9:46:00,0,16.336,62.652,2.01,7.05,183.9,S
East Syracuse Elementary,East Syracuse Elementary,43.068611,-76.074583,10/20/2023,10:01:00,0,16.614,60.941,2.52,10.07,174.1,S
East Syracuse Elementary,East Syracuse Elementary,43.068611,-76.074583,10/20/2023,10:16:00,0,16.936,60.356,2.52,9.06,185.3,S
East Syracuse Elementary,East Syracuse Elementary,43.068611,-76.074583,10/20/2023,10:31:00,0,17.258,59.301,2.52,8.05,175.5,S
East Syracuse Elementary,East Syracuse Elementary,43.068611,-76.074583,10/20/2023,10:46:00,0,17.279,59.321,2.52,8.05,182.5,S
East Syracuse Elementary,East Syracuse Elementary,43.068611,-76.074583,10/20/2023,11:01:00,0,17.858,58.758,2.01,7.05,178.3,S
East Syracuse Elementary,East Syracuse Elementary,43.068611,-76.074583,10/20/2023,11:16:00,0,20.282,50.517,2.01,5.54,183.9,S
East Syracuse Elementary,East Syracuse Elementary,43.068611,-76.074583,10/20/2023,11:31:00,0,19.917,51.707,3.02,9.06,182.5,S
East Syracuse Elementary,East Syracuse Elementary,43.068611,-76.074583,10/20/2023,11:46:00,0,19.145,52.929,2.52,9.06,176.9,S
East Syracuse Elementary,East Syracuse Elementary,43.068611,-76.074583,10/20/2023,12:01:00,0,18.609,55.192,2.01,5.03,169.9,S
East Syracuse Elementary,East Syracuse Elementary,43.068611,-76.074583,10/20/2023,12:16:00,0,18.244,56.793,2.01,6.04,171.3,S
East Syracuse Elementary,East Syracuse Elementary,43.068611,-76.074583,10/20/2023,12:31:00,0,18.738,55.232,2.01,5.54,178.3,S
East Syracuse Elementary,East Syracuse Elementary,43.068611,-76.074583,10/20/2023,12:46:00,0,19.231,53.236,1.51,4.53,172.7,S
East Syracuse Elementary,East Syracuse Elementary,43.068611,-76.074583,10/20/2023,13:01:00,0,19.789,51.342,2.01,7.05,188.1,S
East Syracuse Elementary,East Syracuse Elementary,43.068611,-76.074583,10/20/2023,13:16:00,0,19.703,51.785,2.52,7.55,178.3,S
East Syracuse Elementary,East Syracuse Elementary,43.068611,-76.074583,10/20/2023,13:31:00,0,20.153,51.296,2.52,8.05,171.3,S
East Syracuse Elementary,East Syracuse Elementary,43.068611,-76.074583,10/20/2023,13:46:00,0,19.767,51.562,1.51,7.55,172.7,S
East Syracuse Elementary,East Syracuse Elementary,43.068611,-76.074583,10/20/2023,14:01:00,0,19.145,52.595,2.01,5.54,188.1,S
East Syracuse Elementary,East Syracuse Elementary,43.068611,-76.074583,10/20/2023,14:16:00,0,19.467,52.54,0.5,3.52,199.4,S
East Syracuse Elementary,East Syracuse Elementary,43.068611,-76.074583,10/20/2023,14:31:00,0,19.445,53.158,1.51,5.54,167.1,S
East Syracuse Elementary,East Syracuse Elementary,43.068611,-76.074583,10/20/2023,14:46:00,0,19.274,53.475,1.51,4.53,161.5,S
East Syracuse Elementary,East Syracuse Elementary,43.068611,-76.074583,10/20/2023,15:01:00,0,19.574,51.855,1.51,7.05,155.8,SE
East Syracuse Elementary,East Syracuse Elementary,43.068611,-76.074583,10/20/2023,15:16:00,0,19.51,51.73,1.51,5.03,181.1,S
East Syracuse Elementary,East Syracuse Elementary,43.068611,-76.074583,10/20/2023,15:31:00,0,19.36,52.523,1.51,5.03,168.5,S
East Syracuse Elementary,East Syracuse Elementary,43.068611,-76.074583,10/20/2023,15:46:00,0,19.252,52.668,1.01,4.03,175.5,S
East Syracuse Elementary,East Syracuse Elementary,43.068611,-76.074583,10/20/2023,16:01:00,0,19.081,53.799,0.5,3.02,174.1,S
East Syracuse Elementary,East Syracuse Elementary,43.068611,-76.074583,10/20/2023,16:16:00,0,19.145,53.629,0.5,2.52,174.1,S
East Syracuse Elementary,East Syracuse Elementary,43.068611,-76.074583,10/20/2023,16:31:00,0,18.974,53.704,0.5,3.02,168.5,S
East Syracuse Elementary,East Syracuse Elementary,43.068611,-76.074583,10/20/2023,16:46:00,0,18.695,56.181,0,3.02,175.5,S
East Syracuse Elementary,East Syracuse Elementary,43.068611,-76.074583,10/20/2023,17:01:00,0,18.738,54.861,0,2.52,171.3,S
East Syracuse Elementary,East Syracuse Elementary,43.068611,-76.074583,10/20/2023,17:16:00,0,18.545,55.196,0,2.01,171.3,S
East Syracuse Elementary,East Syracuse Elementary,43.068611,-76.074583,10/20/2023,17:31:00,0,18.201,60.278,0.5,2.01,207.8,SW
East Syracuse Elementary,East Syracuse Elementary,43.068611,-76.074583,10/20/2023,17:46:00,0,17.108,67.579,0,2.01,245.7,SW
East Syracuse Elementary,East Syracuse Elementary,43.068611,-76.074583,10/20/2023,18:01:00,0.2,16.1,75.86,0,2.52,256.9,W
East Syracuse Elementary,East Syracuse Elementary,43.068611,-76.074583,10/20/2023,18:16:00,1.4,15.07,83.951,0.5,2.52,276.6,W
East Syracuse Elementary,East Syracuse Elementary,43.068611,-76.074583,10/20/2023,18:31:00,1.2,14.641,87.822,0.5,2.52,296.2,NW
East Syracuse Elementary,East Syracuse Elementary,43.068611,-76.074583,10/20/2023,18:46:00,4.2,14.298,90.129,0,1.51,248.5,W
East Syracuse Elementary,East Syracuse Elementary,43.068611,-76.074583,10/20/2023,19:01:00,1.6,14.083,92.232,0,0.5,240.1,SW
East Syracuse Elementary,East Syracuse Elementary,43.068611,-76.074583,10/20/2023,19:16:00,1.4,13.89,93.518,0,1.01,221.8,SW
East Syracuse Elementary,East Syracuse Elementary,43.068611,-76.074583,10/20/2023,19:31:00,0.4,13.912,93.516,0,0,220.4,SW
East Syracuse Elementary,East Syracuse Elementary,43.068611,-76.074583,10/20/2023,19:46:00,1.2,13.74,93.439,0,0,220.4,SW
East Syracuse Elementary,East Syracuse Elementary,43.068611,-76.074583,10/20/2023,20:01:00,1.2,13.59,93.26,0,0,220.4,SW
East Syracuse Elementary,East Syracuse Elementary,43.068611,-76.074583,10/20/2023,20:16:00,2,13.419,94.986,0,0.5,220.4,SW
East Syracuse Elementary,East Syracuse Elementary,43.068611,-76.074583,10/20/2023,20:31:00,0.6,13.333,95.215,0,1.51,209.2,SW
East Syracuse Elementary,East Syracuse Elementary,43.068611,-76.074583,10/20/2023,20:46:00,0.2,13.226,94.977,0,0.5,158.6,S
East Syracuse Elementary,East Syracuse Elementary,43.068611,-76.074583,10/20/2023,21:01:00,0,13.14,94.867,0,0,158.6,S
East Syracuse Elementary,East Syracuse Elementary,43.068611,-76.074583,10/20/2023,21:16:00,0.2,13.011,95.801,0,1.01,157.2,SE
East Syracuse Elementary,East Syracuse Elementary,43.068611,-76.074583,10/20/2023,21:31:00,0.2,12.99,95.697,0,0.5,157.2,SE
East Syracuse Elementary,East Syracuse Elementary,43.068611,-76.074583,10/20/2023,21:46:00,0,12.99,95.981,0,0,157.2,SE
East Syracuse Elementary,East Syracuse Elementary,43.068611,-76.074583,10/20/2023,22:01:00,0,12.904,96.469,0,0,157.2,SE
East Syracuse Elementary,East Syracuse Elementary,43.068611,-76.074583,10/20/2023,22:16:00,0.2,12.968,95.45,0,0,157.2,SE
East Syracuse Elementary,East Syracuse Elementary,43.068611,-76.074583,10/20/2023,22:31:00,0.2,12.882,96.635,0,0,157.2,SE
East Syracuse Elementary,East Syracuse Elementary,43.068611,-76.074583,10/20/2023,22:46:00,0.2,12.861,96.208,0,0.5,157.2,SE
East Syracuse Elementary,East Syracuse Elementary,43.068611,-76.074583,10/20/2023,23:01:00,0.6,12.754,96.713,0,0,157.2,SE
East Syracuse Elementary,East Syracuse Elementary,43.068611,-76.074583,10/20/2023,23:16:00,0.4,12.689,97.403,0,0,157.2,SE
East Syracuse Elementary,East Syracuse Elementary,43.068611,-76.074583,10/20/2023,23:31:00,0.2,12.604,97.554,0,0,157.2,SE
East Syracuse Elementary,East Syracuse Elementary,43.068611,-76.074583,10/20/2023,23:46:00,0.2,12.625,97.618,0,0,157.2,SE
East Syracuse Elementary,East Syracuse Elementary,43.068611,-76.074583,10/21/2023,0:01:00,0.2,12.604,97.702,0,0,157.2,SE
East Syracuse Elementary,East Syracuse Elementary,43.068611,-76.074583,10/21/2023,0:16:00,0.6,12.582,97.166,0,0,157.2,SE
East Syracuse Elementary,East Syracuse Elementary,43.068611,-76.074583,10/21/2023,0:31:00,0.4,12.496,97.153,0,0,157.2,SE
East Syracuse Elementary,East Syracuse Elementary,43.068611,-76.074583,10/21/2023,0:46:00,0.6,12.432,97.51,0,0,157.2,SE
East Syracuse Elementary,East Syracuse Elementary,43.068611,-76.074583,10/21/2023,1:01:00,0.4,12.368,97.67,0,0,157.2,SE
East Syracuse Elementary,East Syracuse Elementary,43.068611,-76.074583,10/21/2023,1:16:00,0,12.325,98.108,0,0,157.2,SE
East Syracuse Elementary,East Syracuse Elementary,43.068611,-76.074583,10/21/2023,1:31:00,0,12.303,97.821,0,0,157.2,SE
East Syracuse Elementary,East Syracuse Elementary,43.068611,-76.074583,10/21/2023,1:46:00,0.2,12.282,97.423,0,0,157.2,SE
East Syracuse Elementary,East Syracuse Elementary,43.068611,-76.074583,10/21/2023,2:01:00,0,12.196,98.178,0,0,157.2,SE
East Syracuse Elementary,East Syracuse Elementary,43.068611,-76.074583,10/21/2023,2:16:00,0,12.003,97.844,0,0,157.2,SE
East Syracuse Elementary,East Syracuse Elementary,43.068611,-76.074583,10/21/2023,2:31:00,0,11.896,98.81,0,0,157.2,SE
East Syracuse Elementary,East Syracuse Elementary,43.068611,-76.074583,10/21/2023,2:46:00,0,12.046,98.846,0,0,157.2,SE
East Syracuse Elementary,East Syracuse Elementary,43.068611,-76.074583,10/21/2023,3:01:00,0,12.046,98.686,0,0,157.2,SE
East Syracuse Elementary,East Syracuse Elementary,43.068611,-76.074583,10/21/2023,3:16:00,0,12.003,98.753,0,0,157.2,SE
East Syracuse Elementary,East Syracuse Elementary,43.068611,-76.074583,10/21/2023,3:31:00,0,12.132,98.671,0,0,157.2,SE
East Syracuse Elementary,East Syracuse Elementary,43.068611,-76.074583,10/21/2023,3:46:00,0,12.325,96.883,0,1.01,167.1,S
East Syracuse Elementary,East Syracuse Elementary,43.068611,-76.074583,10/21/2023,4:01:00,0,12.325,97.032,0,1.51,292,W
East Syracuse Elementary,East Syracuse Elementary,43.068611,-76.074583,10/21/2023,4:16:00,0,12.346,96.15,0,1.01,278,W
East Syracuse Elementary,East Syracuse Elementary,43.068611,-76.074583,10/21/2023,4:31:00,0,12.325,95.476,0,1.51,268.1,W
East Syracuse Elementary,East Syracuse Elementary,43.068611,-76.074583,10/21/2023,4:46:00,0,12.26,94.858,0,2.01,261.1,W
East Syracuse Elementary,East Syracuse Elementary,43.068611,-76.074583,10/21/2023,5:01:00,0,12.26,94.469,0,2.01,283.6,W
East Syracuse Elementary,East Syracuse Elementary,43.068611,-76.074583,10/21/2023,5:16:00,0,12.196,95.138,0,2.52,278,W
East Syracuse Elementary,East Syracuse Elementary,43.068611,-76.074583,10/21/2023,5:31:00,0,12.153,94.208,0.5,3.52,275.2,W
East Syracuse Elementary,East Syracuse Elementary,43.068611,-76.074583,10/21/2023,5:46:00,0,12.067,95.192,0.5,2.01,248.5,W
East Syracuse Elementary,East Syracuse Elementary,43.068611,-76.074583,10/21/2023,6:01:00,0,11.982,94.821,0.5,3.02,256.9,W
East Syracuse Elementary,East Syracuse Elementary,43.068611,-76.074583,10/21/2023,6:16:00,0,11.853,95.261,0,2.01,272.4,W
East Syracuse Elementary,East Syracuse Elementary,43.068611,-76.074583,10/21/2023,6:31:00,0,11.81,95.285,0.5,2.01,252.7,W
East Syracuse Elementary,East Syracuse Elementary,43.068611,-76.074583,10/21/2023,6:46:00,0,11.789,95.196,0.5,2.52,251.3,W
East Syracuse Elementary,East Syracuse Elementary,43.068611,-76.074583,10/21/2023,7:01:00,0,11.81,94.64,0.5,3.52,256.9,W
East Syracuse Elementary,East Syracuse Elementary,43.068611,-76.074583,10/21/2023,7:16:00,0,11.746,94.542,1.01,3.02,262.5,W
East Syracuse Elementary,East Syracuse Elementary,43.068611,-76.074583,10/21/2023,7:31:00,0,11.681,94.818,0.5,3.02,254.1,W
East Syracuse Elementary,East Syracuse Elementary,43.068611,-76.074583,10/21/2023,7:46:00,0,11.638,94.372,0,3.02,256.9,W
East Syracuse Elementary,East Syracuse Elementary,43.068611,-76.074583,10/21/2023,8:01:00,0,11.724,94.395,0,2.01,266.7,W
East Syracuse Elementary,East Syracuse Elementary,43.068611,-76.074583,10/21/2023,8:16:00,0,11.789,94.578,0.5,3.02,258.3,W
East Syracuse Elementary,East Syracuse Elementary,43.068611,-76.074583,10/21/2023,8:31:00,0.2,11.853,94.139,0.5,3.52,262.5,W
East Syracuse Elementary,East Syracuse Elementary,43.068611,-76.074583,10/21/2023,8:46:00,0,12.025,93.494,0.5,2.52,261.1,W
East Syracuse Elementary,East Syracuse Elementary,43.068611,-76.074583,10/21/2023,9:01:00,0,12.196,92.99,1.01,4.03,261.1,W
East Syracuse Elementary,East Syracuse Elementary,43.068611,-76.074583,10/21/2023,9:16:00,0,12.346,92.358,0.5,4.03,272.4,W
East Syracuse Elementary,East Syracuse Elementary,43.068611,-76.074583,10/21/2023,9:31:00,0,12.389,92.844,1.01,3.52,275.2,W
East Syracuse Elementary,East Syracuse Elementary,43.068611,-76.074583,10/21/2023,9:46:00,0,12.346,92.125,1.01,4.03,282.2,W
East Syracuse Elementary,East Syracuse Elementary,43.068611,-76.074583,10/21/2023,10:01:00,0,12.303,92.927,1.51,4.53,285,W
East Syracuse Elementary,East Syracuse Elementary,43.068611,-76.074583,10/21/2023,10:16:00,0,12.411,93.024,1.51,4.53,268.1,W
East Syracuse Elementary,East Syracuse Elementary,43.068611,-76.074583,10/21/2023,10:31:00,0.2,12.132,91.392,2.01,5.54,280.8,W
East Syracuse Elementary,East Syracuse Elementary,43.068611,-76.074583,10/21/2023,10:46:00,0.2,12.153,91.64,1.51,5.54,293.4,NW
East Syracuse Elementary,East Syracuse Elementary,43.068611,-76.074583,10/21/2023,11:01:00,0,12.282,88.565,1.51,5.54,282.2,W
East Syracuse Elementary,East Syracuse Elementary,43.068611,-76.074583,10/21/2023,11:16:00,0,12.26,88.943,1.51,5.54,283.6,W
East Syracuse Elementary,East Syracuse Elementary,43.068611,-76.074583,10/21/2023,11:31:00,0,12.067,87.288,2.01,6.54,276.6,W
East Syracuse Elementary,East Syracuse Elementary,43.068611,-76.074583,10/21/2023,11:46:00,0,12.11,86.458,2.52,7.05,283.6,W
East Syracuse Elementary,East Syracuse Elementary,43.068611,-76.074583,10/21/2023,12:01:00,0,12.153,83.676,2.01,6.54,269.6,W
East Syracuse Elementary,East Syracuse Elementary,43.068611,-76.074583,10/21/2023,12:16:00,0,12.196,82.971,2.01,5.54,289.2,W
East Syracuse Elementary,East Syracuse Elementary,43.068611,-76.074583,10/21/2023,12:31:00,0,12.368,80.851,2.01,7.05,287.8,W
East Syracuse Elementary,East Syracuse Elementary,43.068611,-76.074583,10/21/2023,12:46:00,0,12.303,80.92,2.01,6.04,299,NW
East Syracuse Elementary,East Syracuse Elementary,43.068611,-76.074583,10/21/2023,13:01:00,0,12.025,82.39,2.01,7.55,280.8,W
East Syracuse Elementary,East Syracuse Elementary,43.068611,-76.074583,10/21/2023,13:16:00,0,12.325,80.87,2.01,6.04,273.8,W
East Syracuse Elementary,East Syracuse Elementary,43.068611,-76.074583,10/21/2023,13:31:00,0,12.067,81.36,2.01,7.05,263.9,W
East Syracuse Elementary,East Syracuse Elementary,43.068611,-76.074583,10/21/2023,13:46:00,0,11.596,84.965,2.01,5.03,285,W
East Syracuse Elementary,East Syracuse Elementary,43.068611,-76.074583,10/21/2023,14:01:00,0,11.638,86.847,2.01,6.04,258.3,W
East Syracuse Elementary,East Syracuse Elementary,43.068611,-76.074583,10/21/2023,14:16:00,0,12.239,84.572,1.51,5.54,275.2,W
East Syracuse Elementary,East Syracuse Elementary,43.068611,-76.074583,10/21/2023,14:31:00,0,12.239,84.971,1.51,6.04,276.6,W
East Syracuse Elementary,East Syracuse Elementary,43.068611,-76.074583,10/21/2023,14:46:00,0,12.282,84.508,2.52,7.55,271,W
East Syracuse Elementary,East Syracuse Elementary,43.068611,-76.074583,10/21/2023,15:01:00,0,12.196,84.688,2.01,6.04,278,W
East Syracuse Elementary,East Syracuse Elementary,43.068611,-76.074583,10/21/2023,15:16:00,0,11.81,88.176,2.52,5.54,258.3,W
East Syracuse Elementary,East Syracuse Elementary,43.068611,-76.074583,10/21/2023,15:31:00,0,11.51,90.303,2.52,7.05,261.1,W
East Syracuse Elementary,East Syracuse Elementary,43.068611,-76.074583,10/21/2023,15:46:00,0,11.381,91.769,2.52,6.54,262.5,W
East Syracuse Elementary,East Syracuse Elementary,43.068611,-76.074583,10/21/2023,16:01:00,0,11.403,90.565,2.52,6.54,262.5,W
East Syracuse Elementary,East Syracuse Elementary,43.068611,-76.074583,10/21/2023,16:16:00,0,11.617,88.45,2.01,5.54,275.2,W
East Syracuse Elementary,East Syracuse Elementary,43.068611,-76.074583,10/21/2023,16:31:00,0,11.746,86.851,2.52,7.05,273.8,W
East Syracuse Elementary,East Syracuse Elementary,43.068611,-76.074583,10/21/2023,16:46:00,0,11.703,86.705,3.02,8.56,287.8,W
East Syracuse Elementary,East Syracuse Elementary,43.068611,-76.074583,10/21/2023,17:01:00,0,11.467,88.243,2.01,6.54,279.4,W
East Syracuse Elementary,East Syracuse Elementary,43.068611,-76.074583,10/21/2023,17:16:00,0,11.36,88.33,2.52,5.03,271,W
East Syracuse Elementary,East Syracuse Elementary,43.068611,-76.074583,10/21/2023,17:31:00,0,11.252,88.812,2.01,6.04,278,W
East Syracuse Elementary,East Syracuse Elementary,43.068611,-76.074583,10/21/2023,17:46:00,0,11.252,87.874,2.01,8.05,282.2,W
East Syracuse Elementary,East Syracuse Elementary,43.068611,-76.074583,10/21/2023,18:01:00,0,11.467,85.899,2.52,6.04,268.1,W
East Syracuse Elementary,East Syracuse Elementary,43.068611,-76.074583,10/21/2023,18:16:00,0,11.295,87.16,2.01,6.54,268.1,W
East Syracuse Elementary,East Syracuse Elementary,43.068611,-76.074583,10/21/2023,18:31:00,0,11.231,87.398,2.52,6.54,273.8,W
East Syracuse Elementary,East Syracuse Elementary,43.068611,-76.074583,10/21/2023,18:46:00,0,11.252,86.981,2.52,9.06,272.4,W
East Syracuse Elementary,East Syracuse Elementary,43.068611,-76.074583,10/21/2023,19:01:00,0,11.145,87.163,2.01,6.54,282.2,W
East Syracuse Elementary,East Syracuse Elementary,43.068611,-76.074583,10/21/2023,19:16:00,0,11.102,85.914,2.52,8.05,282.2,W
East Syracuse Elementary,East Syracuse Elementary,43.068611,-76.074583,10/21/2023,19:31:00,0,11.188,85.661,2.01,6.54,275.2,W
East Syracuse Elementary,East Syracuse Elementary,43.068611,-76.074583,10/21/2023,19:46:00,0,11.059,85.977,2.01,6.54,276.6,W
East Syracuse Elementary,East Syracuse Elementary,43.068611,-76.074583,10/21/2023,20:01:00,0,10.63,89.145,2.01,8.56,271,W
East Syracuse Elementary,East Syracuse Elementary,43.068611,-76.074583,10/21/2023,20:16:00,0,10.437,90.037,2.52,8.05,276.6,W
East Syracuse Elementary,East Syracuse Elementary,43.068611,-76.074583,10/21/2023,20:31:00,0,10.201,91.554,2.01,7.05,279.4,W
East Syracuse Elementary,East Syracuse Elementary,43.068611,-76.074583,10/21/2023,20:46:00,0,10.073,92.387,1.51,6.04,271,W
East Syracuse Elementary,East Syracuse Elementary,43.068611,-76.074583,10/21/2023,21:01:00,0,9.966,92.694,2.01,6.04,269.6,W
East Syracuse Elementary,East Syracuse Elementary,43.068611,-76.074583,10/21/2023,21:16:00,0.2,9.837,93.564,2.01,6.04,286.4,W
East Syracuse Elementary,East Syracuse Elementary,43.068611,-76.074583,10/21/2023,21:31:00,0,9.687,92.328,2.52,8.05,307.5,NW
East Syracuse Elementary,East Syracuse Elementary,43.068611,-76.074583,10/21/2023,21:46:00,0,9.579,90.935,3.02,8.05,304.7,NW
East Syracuse Elementary,East Syracuse Elementary,43.068611,-76.074583,10/21/2023,22:01:00,0,9.429,91.475,2.52,8.05,303.2,NW
East Syracuse Elementary,East Syracuse Elementary,43.068611,-76.074583,10/21/2023,22:16:00,0,9.279,91.965,2.01,6.04,299,NW
East Syracuse Elementary,East Syracuse Elementary,43.068611,-76.074583,10/21/2023,22:31:00,0,9.108,93.329,2.52,7.05,303.2,NW
East Syracuse Elementary,East Syracuse Elementary,43.068611,-76.074583,10/21/2023,22:46:00,0.2,9.065,92.534,2.52,6.04,303.2,NW
East Syracuse Elementary,East Syracuse Elementary,43.068611,-76.074583,10/21/2023,23:01:00,0,8.893,92.41,1.51,5.03,306.1,NW
East Syracuse Elementary,East Syracuse Elementary,43.068611,-76.074583,10/21/2023,23:16:00,0,8.743,91.502,2.52,6.54,310.3,NW
East Syracuse Elementary,East Syracuse Elementary,43.068611,-76.074583,10/21/2023,23:31:00,0,8.571,89.879,2.01,7.05,304.7,NW
East Syracuse Elementary,East Syracuse Elementary,43.068611,-76.074583,10/21/2023,23:46:00,0,8.443,90.774,2.01,5.54,289.2,W
East Syracuse Elementary,East Syracuse Elementary,43.068611,-76.074583,10/22/2023,0:01:00,0,8.142,92.271,1.51,4.53,296.2,NW
East Syracuse Elementary,East Syracuse Elementary,43.068611,-76.074583,10/22/2023,0:16:00,0,8.25,92.044,1.51,4.53,293.4,NW
East Syracuse Elementary,East Syracuse Elementary,43.068611,-76.074583,10/22/2023,0:31:00,0.2,8.078,91.836,2.01,6.04,282.2,W
East Syracuse Elementary,East Syracuse Elementary,43.068611,-76.074583,10/22/2023,0:46:00,0,7.907,93.887,1.51,5.03,290.6,W
East Syracuse Elementary,East Syracuse Elementary,43.068611,-76.074583,10/22/2023,1:01:00,0,7.864,93.237,1.51,4.53,297.6,NW
East Syracuse Elementary,East Syracuse Elementary,43.068611,-76.074583,10/22/2023,1:16:00,0,7.671,93.33,1.51,4.03,286.4,W
East Syracuse Elementary,East Syracuse Elementary,43.068611,-76.074583,10/22/2023,1:31:00,0.2,7.671,90.861,2.01,5.54,301.8,NW
East Syracuse Elementary,East Syracuse Elementary,43.068611,-76.074583,10/22/2023,1:46:00,0,7.435,92.949,1.51,4.03,299,NW
East Syracuse Elementary,East Syracuse Elementary,43.068611,-76.074583,10/22/2023,2:01:00,0,7.327,94.548,1.01,3.52,283.6,W
East Syracuse Elementary,East Syracuse Elementary,43.068611,-76.074583,10/22/2023,2:16:00,0,7.199,94.784,1.01,4.03,299,NW
East Syracuse Elementary,East Syracuse Elementary,43.068611,-76.074583,10/22/2023,2:31:00,0,7.22,92.79,2.01,5.54,294.8,NW
East Syracuse Elementary,East Syracuse Elementary,43.068611,-76.074583,10/22/2023,2:46:00,0,7.113,92.946,1.51,6.04,297.6,NW
East Syracuse Elementary,East Syracuse Elementary,43.068611,-76.074583,10/22/2023,3:01:00,0,6.984,94.791,1.51,5.54,299,NW
East Syracuse Elementary,East Syracuse Elementary,43.068611,-76.074583,10/22/2023,3:16:00,0,6.92,94.414,1.51,4.03,299,NW
East Syracuse Elementary,East Syracuse Elementary,43.068611,-76.074583,10/22/2023,3:31:00,0.2,6.856,94.359,2.01,6.04,308.9,NW
East Syracuse Elementary,East Syracuse Elementary,43.068611,-76.074583,10/22/2023,3:46:00,0,6.92,93.429,2.01,5.54,308.9,NW
East Syracuse Elementary,East Syracuse Elementary,43.068611,-76.074583,10/22/2023,4:01:00,0,6.984,92.83,2.52,5.54,308.9,NW
East Syracuse Elementary,East Syracuse Elementary,43.068611,-76.074583,10/22/2023,4:16:00,0,6.856,93.426,2.01,5.03,307.5,NW
East Syracuse Elementary,East Syracuse Elementary,43.068611,-76.074583,10/22/2023,4:31:00,0,6.791,93.942,2.01,5.03,308.9,NW
East Syracuse Elementary,East Syracuse Elementary,43.068611,-76.074583,10/22/2023,4:46:00,0,6.77,95.709,1.01,4.03,311.7,NW
East Syracuse Elementary,East Syracuse Elementary,43.068611,-76.074583,10/22/2023,5:01:00,0,6.877,95.303,1.01,4.03,311.7,NW
East Syracuse Elementary,East Syracuse Elementary,43.068611,-76.074583,10/22/2023,5:16:00,0,6.984,94.386,1.01,5.03,311.7,NW
East Syracuse Elementary,East Syracuse Elementary,43.068611,-76.074583,10/22/2023,5:31:00,0,7.07,92.839,1.01,3.52,303.2,NW
East Syracuse Elementary,East Syracuse Elementary,43.068611,-76.074583,10/22/2023,5:46:00,0,7.134,89.439,1.51,5.03,290.6,W
East Syracuse Elementary,East Syracuse Elementary,43.068611,-76.074583,10/22/2023,6:01:00,0,7.156,89.036,1.51,5.03,290.6,W
East Syracuse Elementary,East Syracuse Elementary,43.068611,-76.074583,10/22/2023,6:16:00,0,7.113,89.49,2.01,6.04,296.2,NW
East Syracuse Elementary,East Syracuse Elementary,43.068611,-76.074583,10/22/2023,6:31:00,0,6.877,91.141,1.51,4.53,282.2,W
East Syracuse Elementary,East Syracuse Elementary,43.068611,-76.074583,10/22/2023,6:46:00,0.2,6.598,93.234,1.51,4.53,290.6,W
East Syracuse Elementary,East Syracuse Elementary,43.068611,-76.074583,10/22/2023,7:01:00,0,6.598,94.368,1.01,5.03,287.8,W
East Syracuse Elementary,East Syracuse Elementary,43.068611,-76.074583,10/22/2023,7:16:00,0,6.727,93.628,1.01,5.03,256.9,W
East Syracuse Elementary,East Syracuse Elementary,43.068611,-76.074583,10/22/2023,7:31:00,0.2,6.77,92.651,2.01,5.54,265.3,W
East Syracuse Elementary,East Syracuse Elementary,43.068611,-76.074583,10/22/2023,7:46:00,0,6.684,92.615,1.51,5.03,259.7,W
East Syracuse Elementary,East Syracuse Elementary,43.068611,-76.074583,10/22/2023,8:01:00,0,6.641,92.569,1.51,5.03,249.9,W
East Syracuse Elementary,East Syracuse Elementary,43.068611,-76.074583,10/22/2023,8:16:00,0,6.555,93.979,1.51,4.03,262.5,W
East Syracuse Elementary,East Syracuse Elementary,43.068611,-76.074583,10/22/2023,8:31:00,0,6.577,95.334,1.01,4.03,259.7,W
East Syracuse Elementary,East Syracuse Elementary,43.068611,-76.074583,10/22/2023,8:46:00,0,6.663,94.69,0.5,3.02,256.9,W
East Syracuse Elementary,East Syracuse Elementary,43.068611,-76.074583,10/22/2023,9:01:00,0.2,6.598,94.539,1.51,5.03,273.8,W
East Syracuse Elementary,East Syracuse Elementary,43.068611,-76.074583,10/22/2023,9:16:00,0.2,6.555,93.805,1.51,4.53,297.6,NW
East Syracuse Elementary,East Syracuse Elementary,43.068611,-76.074583,10/22/2023,9:31:00,0.2,6.727,91.942,1.51,5.03,294.8,NW
East Syracuse Elementary,East Syracuse Elementary,43.068611,-76.074583,10/22/2023,9:46:00,0,6.834,90.523,2.01,5.03,299,NW
East Syracuse Elementary,East Syracuse Elementary,43.068611,-76.074583,10/22/2023,10:01:00,0,6.856,91.371,2.01,6.04,300.4,NW
East Syracuse Elementary,East Syracuse Elementary,43.068611,-76.074583,10/22/2023,10:16:00,0,6.641,92.671,2.52,6.04,308.9,NW
East Syracuse Elementary,East Syracuse Elementary,43.068611,-76.074583,10/22/2023,10:31:00,0,6.727,91.63,2.52,5.54,313.1,NW
East Syracuse Elementary,East Syracuse Elementary,43.068611,-76.074583,10/22/2023,10:46:00,0.2,7.113,89.425,2.01,7.55,310.3,NW
East Syracuse Elementary,East Syracuse Elementary,43.068611,-76.074583,10/22/2023,11:01:00,0,7.134,87.219,2.52,8.05,299,NW
East Syracuse Elementary,East Syracuse Elementary,43.068611,-76.074583,10/22/2023,11:16:00,0,7.006,87.434,2.52,7.05,314.5,NW
East Syracuse Elementary,East Syracuse Elementary,43.068611,-76.074583,10/22/2023,11:31:00,0,6.834,88.064,3.02,8.05,313.1,NW
East Syracuse Elementary,East Syracuse Elementary,43.068611,-76.074583,10/22/2023,11:46:00,0.2,6.684,91.174,2.01,6.04,314.5,NW
East Syracuse Elementary,East Syracuse Elementary,43.068611,-76.074583,10/22/2023,12:01:00,0,6.813,89.039,2.52,6.54,311.7,NW
East Syracuse Elementary,East Syracuse Elementary,43.068611,-76.074583,10/22/2023,12:16:00,0,6.813,87.663,2.52,7.55,307.5,NW
East Syracuse Elementary,East Syracuse Elementary,43.068611,-76.074583,10/22/2023,12:31:00,0,7.006,85.835,2.52,6.54,308.9,NW
East Syracuse Elementary,East Syracuse Elementary,43.068611,-76.074583,10/22/2023,12:46:00,0,6.748,84.61,3.52,8.05,318.7,NW
East Syracuse Elementary,East Syracuse Elementary,43.068611,-76.074583,10/22/2023,13:01:00,0,6.534,85.246,4.03,7.55,317.3,NW
East Syracuse Elementary,East Syracuse Elementary,43.068611,-76.074583,10/22/2023,13:16:00,0.2,6.405,87.639,2.52,8.56,314.5,NW
East Syracuse Elementary,East Syracuse Elementary,43.068611,-76.074583,10/22/2023,13:31:00,0.2,6.427,85.763,3.52,8.56,315.9,NW
East Syracuse Elementary,East Syracuse Elementary,43.068611,-76.074583,10/22/2023,13:46:00,0.2,6.212,86.949,3.52,8.56,315.9,NW
East Syracuse Elementary,East Syracuse Elementary,43.068611,-76.074583,10/22/2023,14:01:00,0.2,6.148,88.037,3.52,8.05,317.3,NW
East Syracuse Elementary,East Syracuse Elementary,43.068611,-76.074583,10/22/2023,14:16:00,0.2,6.405,89.11,2.52,6.54,317.3,NW
East Syracuse Elementary,East Syracuse Elementary,43.068611,-76.074583,10/22/2023,14:31:00,0.4,6.019,89.558,3.02,7.05,303.2,NW
East Syracuse Elementary,East Syracuse Elementary,43.068611,-76.074583,10/22/2023,14:46:00,0.2,5.633,88.811,3.02,7.55,313.1,NW
East Syracuse Elementary,East Syracuse Elementary,43.068611,-76.074583,10/22/2023,15:01:00,0.2,5.569,88.801,3.02,7.55,308.9,NW
East Syracuse Elementary,East Syracuse Elementary,43.068611,-76.074583,10/22/2023,15:16:00,0.4,5.419,89.992,2.52,7.55,310.3,NW
East Syracuse Elementary,East Syracuse Elementary,43.068611,-76.074583,10/22/2023,15:31:00,0.2,5.247,90.907,2.01,5.54,310.3,NW
East Syracuse Elementary,East Syracuse Elementary,43.068611,-76.074583,10/22/2023,15:46:00,0.4,5.183,90.684,3.02,7.05,310.3,NW
East Syracuse Elementary,East Syracuse Elementary,43.068611,-76.074583,10/22/2023,16:01:00,0.2,5.14,90.597,2.52,7.05,314.5,NW
East Syracuse Elementary,East Syracuse Elementary,43.068611,-76.074583,10/22/2023,16:16:00,0.4,5.14,92.094,2.01,5.54,313.1,NW
East Syracuse Elementary,East Syracuse Elementary,43.068611,-76.074583,10/22/2023,16:31:00,0.4,4.968,90.579,2.52,5.54,313.1,NW
East Syracuse Elementary,East Syracuse Elementary,43.068611,-76.074583,10/22/2023,16:46:00,0.2,4.925,92.299,2.52,6.54,313.1,NW
East Syracuse Elementary,East Syracuse Elementary,43.068611,-76.074583,10/22/2023,17:01:00,0.2,4.968,91.746,3.02,6.54,313.1,NW
East Syracuse Elementary,East Syracuse Elementary,43.068611,-76.074583,10/22/2023,17:16:00,0,5.075,90.19,2.52,6.54,313.1,NW
East Syracuse Elementary,East Syracuse Elementary,43.068611,-76.074583,10/22/2023,17:31:00,0,5.075,91.481,2.01,7.05,310.3,NW
East Syracuse Elementary,East Syracuse Elementary,43.068611,-76.074583,10/22/2023,17:46:00,0,5.118,90.236,2.52,6.04,310.3,NW
East Syracuse Elementary,East Syracuse Elementary,43.068611,-76.074583,10/22/2023,18:01:00,0.2,5.075,91.756,2.01,7.05,310.3,NW
East Syracuse Elementary,East Syracuse Elementary,43.068611,-76.074583,10/22/2023,18:16:00,0,5.075,92.149,2.01,4.53,307.5,NW
East Syracuse Elementary,East Syracuse Elementary,43.068611,-76.074583,10/22/2023,18:31:00,0,5.118,91.946,1.51,4.53,307.5,NW
East Syracuse Elementary,East Syracuse Elementary,43.068611,-76.074583,10/22/2023,18:46:00,0,5.226,91.717,2.01,5.03,313.1,NW
East Syracuse Elementary,East Syracuse Elementary,43.068611,-76.074583,10/22/2023,19:01:00,0.2,5.226,91.284,1.51,5.03,307.5,NW
East Syracuse Elementary,East Syracuse Elementary,43.068611,-76.074583,10/22/2023,19:16:00,0,5.247,91.192,1.51,6.54,308.9,NW
East Syracuse Elementary,East Syracuse Elementary,43.068611,-76.074583,10/22/2023,19:31:00,0,5.333,90.93,1.51,6.04,311.7,NW
East Syracuse Elementary,East Syracuse Elementary,43.068611,-76.074583,10/22/2023,19:46:00,0,5.333,91.676,1.51,4.53,308.9,NW
East Syracuse Elementary,East Syracuse Elementary,43.068611,-76.074583,10/22/2023,20:01:00,0.2,5.419,91.58,2.01,6.04,310.3,NW
East Syracuse Elementary,East Syracuse Elementary,43.068611,-76.074583,10/22/2023,20:16:00,0,5.44,90.495,2.52,5.54,308.9,NW
East Syracuse Elementary,East Syracuse Elementary,43.068611,-76.074583,10/22/2023,20:31:00,0.2,5.311,91.618,3.02,7.05,315.9,NW
East Syracuse Elementary,East Syracuse Elementary,43.068611,-76.074583,10/22/2023,20:46:00,0,5.354,91.408,2.01,6.04,313.1,NW
East Syracuse Elementary,East Syracuse Elementary,43.068611,-76.074583,10/22/2023,21:01:00,0.2,5.333,91.916,2.52,5.54,314.5,NW
East Syracuse Elementary,East Syracuse Elementary,43.068611,-76.074583,10/22/2023,21:16:00,0,5.44,91.742,2.52,5.54,311.7,NW
East Syracuse Elementary,East Syracuse Elementary,43.068611,-76.074583,10/22/2023,21:31:00,0,5.44,91.907,2.52,6.04,315.9,NW
East Syracuse Elementary,East Syracuse Elementary,43.068611,-76.074583,10/22/2023,21:46:00,0.2,5.461,92.161,2.52,6.04,321.5,NW
East Syracuse Elementary,East Syracuse Elementary,43.068611,-76.074583,10/22/2023,22:01:00,0,5.461,92.912,1.51,4.53,313.1,NW
East Syracuse Elementary,East Syracuse Elementary,43.068611,-76.074583,10/22/2023,22:16:00,0,5.526,93.124,1.51,4.03,307.5,NW
East Syracuse Elementary,East Syracuse Elementary,43.068611,-76.074583,10/22/2023,22:31:00,0,5.569,94.107,1.51,4.53,314.5,NW
East Syracuse Elementary,East Syracuse Elementary,43.068611,-76.074583,10/22/2023,22:46:00,0,5.719,92.377,2.01,6.04,311.7,NW
East Syracuse Elementary,East Syracuse Elementary,43.068611,-76.074583,10/22/2023,23:01:00,0,5.633,92.216,2.01,5.54,318.7,NW
East Syracuse Elementary,East Syracuse Elementary,43.068611,-76.074583,10/22/2023,23:16:00,0,5.697,91.389,2.52,6.04,314.5,NW
East Syracuse Elementary,East Syracuse Elementary,43.068611,-76.074583,10/22/2023,23:31:00,0,5.676,91.691,1.51,5.03,306.1,NW
East Syracuse Elementary,East Syracuse Elementary,43.068611,-76.074583,10/22/2023,23:46:00,0,5.74,92.328,1.01,4.03,308.9,NW
East Syracuse Elementary,East Syracuse Elementary,43.068611,-76.074583,10/23/2023,0:01:00,0,5.74,91.994,1.01,3.52,306.1,NW
East Syracuse Elementary,East Syracuse Elementary,43.068611,-76.074583,10/23/2023,0:16:00,0,5.848,90.907,1.01,3.52,303.2,NW
East Syracuse Elementary,East Syracuse Elementary,43.068611,-76.074583,10/23/2023,0:31:00,0,5.89,91.014,0.5,3.52,301.8,NW
East Syracuse Elementary,East Syracuse Elementary,43.068611,-76.074583,10/23/2023,0:46:00,0,6.083,89.032,0,2.52,300.4,NW
East Syracuse Elementary,East Syracuse Elementary,43.068611,-76.074583,10/23/2023,1:01:00,0,6.212,88.357,0.5,2.52,306.1,NW
East Syracuse Elementary,East Syracuse Elementary,43.068611,-76.074583,10/23/2023,1:16:00,0,6.276,88.02,1.01,3.52,314.5,NW
East Syracuse Elementary,East Syracuse Elementary,43.068611,-76.074583,10/23/2023,1:31:00,0,6.362,87.181,0.5,3.52,306.1,NW
East Syracuse Elementary,East Syracuse Elementary,43.068611,-76.074583,10/23/2023,1:46:00,0,6.555,85.789,1.51,5.03,318.7,NW
East Syracuse Elementary,East Syracuse Elementary,43.068611,-76.074583,10/23/2023,2:01:00,0,6.684,83.63,1.51,4.53,307.5,NW
East Syracuse Elementary,East Syracuse Elementary,43.068611,-76.074583,10/23/2023,2:16:00,0,6.598,84.55,1.01,3.52,310.3,NW
East Syracuse Elementary,East Syracuse Elementary,43.068611,-76.074583,10/23/2023,2:31:00,0,6.512,85.991,0.5,2.01,320.1,NW
East Syracuse Elementary,East Syracuse Elementary,43.068611,-76.074583,10/23/2023,2:46:00,0,6.598,84.573,0,2.52,320.1,NW
East Syracuse Elementary,East Syracuse Elementary,43.068611,-76.074583,10/23/2023,3:01:00,0,6.791,81.122,1.01,3.52,311.7,NW
East Syracuse Elementary,East Syracuse Elementary,43.068611,-76.074583,10/23/2023,3:16:00,0,6.77,81.648,1.01,5.54,310.3,NW
East Syracuse Elementary,East Syracuse Elementary,43.068611,-76.074583,10/23/2023,3:31:00,0,6.791,80.943,2.52,6.04,320.1,NW
East Syracuse Elementary,East Syracuse Elementary,43.068611,-76.074583,10/23/2023,3:46:00,0,6.727,81.978,0.5,3.52,322.9,NW
East Syracuse Elementary,East Syracuse Elementary,43.068611,-76.074583,10/23/2023,4:01:00,0,6.663,82.553,0,1.01,320.1,NW
East Syracuse Elementary,East Syracuse Elementary,43.068611,-76.074583,10/23/2023,4:16:00,0,6.727,81.762,0,1.51,297.6,NW
East Syracuse Elementary,East Syracuse Elementary,43.068611,-76.074583,10/23/2023,4:31:00,0,6.748,81.834,0,2.01,283.6,W
East Syracuse Elementary,East Syracuse Elementary,43.068611,-76.074583,10/23/2023,4:46:00,0,6.813,81.624,0,2.52,285,W
East Syracuse Elementary,East Syracuse Elementary,43.068611,-76.074583,10/23/2023,5:01:00,0,6.705,82.101,0,1.51,282.2,W
East Syracuse Elementary,East Syracuse Elementary,43.068611,-76.074583,10/23/2023,5:16:00,0,6.448,82.031,0,2.01,294.8,NW
East Syracuse Elementary,East Syracuse Elementary,43.068611,-76.074583,10/23/2023,5:31:00,0,6.062,83.285,0,1.01,283.6,W
East Syracuse Elementary,East Syracuse Elementary,43.068611,-76.074583,10/23/2023,5:46:00,0,6.019,84.086,0,1.51,280.8,W
East Syracuse Elementary,East Syracuse Elementary,43.068611,-76.074583,10/23/2023,6:01:00,0,5.912,85.029,0,2.01,273.8,W
East Syracuse Elementary,East Syracuse Elementary,43.068611,-76.074583,10/23/2023,6:16:00,0,5.955,84.018,0,2.01,265.3,W
East Syracuse Elementary,East Syracuse Elementary,43.068611,-76.074583,10/23/2023,6:31:00,0,6.062,83.336,0,2.01,272.4,W
East Syracuse Elementary,East Syracuse Elementary,43.068611,-76.074583,10/23/2023,6:46:00,0,6.255,82.779,0,2.52,278,W
East Syracuse Elementary,East Syracuse Elementary,43.068611,-76.074583,10/23/2023,7:01:00,0,6.319,82.708,0.5,2.52,280.8,W
East Syracuse Elementary,East Syracuse Elementary,43.068611,-76.074583,10/23/2023,7:16:00,0,6.362,82.371,0.5,2.52,286.4,W
East Syracuse Elementary,East Syracuse Elementary,43.068611,-76.074583,10/23/2023,7:31:00,0,6.276,83.107,0,2.01,280.8,W
East Syracuse Elementary,East Syracuse Elementary,43.068611,-76.074583,10/23/2023,7:46:00,0,6.319,83.629,0,1.51,268.1,W
East Syracuse Elementary,East Syracuse Elementary,43.068611,-76.074583,10/23/2023,8:01:00,0,6.276,84.59,0,2.01,269.6,W
East Syracuse Elementary,East Syracuse Elementary,43.068611,-76.074583,10/23/2023,8:16:00,0,6.469,84.425,0.5,3.02,261.1,W
East Syracuse Elementary,East Syracuse Elementary,43.068611,-76.074583,10/23/2023,8:31:00,0,7.156,81.231,0,2.52,262.5,W
East Syracuse Elementary,East Syracuse Elementary,43.068611,-76.074583,10/23/2023,8:46:00,0,8.121,78.599,0.5,2.52,273.8,W
East Syracuse Elementary,East Syracuse Elementary,43.068611,-76.074583,10/23/2023,9:01:00,0,8.507,76.995,0.5,2.52,273.8,W
East Syracuse Elementary,East Syracuse Elementary,43.068611,-76.074583,10/23/2023,9:16:00,0,8.528,75.801,1.01,4.03,268.1,W
East Syracuse Elementary,East Syracuse Elementary,43.068611,-76.074583,10/23/2023,9:31:00,0,8.335,75.023,2.01,5.03,301.8,NW
East Syracuse Elementary,East Syracuse Elementary,43.068611,-76.074583,10/23/2023,9:46:00,0,8.636,73.333,1.01,4.03,299,NW
East Syracuse Elementary,East Syracuse Elementary,43.068611,-76.074583,10/23/2023,10:01:00,0,9.279,70.256,1.01,3.52,276.6,W
East Syracuse Elementary,East Syracuse Elementary,43.068611,-76.074583,10/23/2023,10:16:00,0,9.644,68.461,1.51,5.03,271,W
East Syracuse Elementary,East Syracuse Elementary,43.068611,-76.074583,10/23/2023,10:31:00,0,9,69.683,1.51,3.52,263.9,W
East Syracuse Elementary,East Syracuse Elementary,43.068611,-76.074583,10/23/2023,10:46:00,0,9.279,68.457,2.01,5.03,315.9,NW
East Syracuse Elementary,East Syracuse Elementary,43.068611,-76.074583,10/23/2023,11:01:00,0,9.301,65.682,1.51,4.53,313.1,NW
East Syracuse Elementary,East Syracuse Elementary,43.068611,-76.074583,10/23/2023,11:16:00,0,10.073,64.826,2.01,5.03,299,NW
East Syracuse Elementary,East Syracuse Elementary,43.068611,-76.074583,10/23/2023,11:31:00,0,9.043,65.945,1.51,4.03,304.7,NW
East Syracuse Elementary,East Syracuse Elementary,43.068611,-76.074583,10/23/2023,11:46:00,0,11.617,55.305,1.01,2.52,287.8,W
East Syracuse Elementary,East Syracuse Elementary,43.068611,-76.074583,10/23/2023,12:01:00,0,10.051,64.771,1.51,4.03,304.7,NW
East Syracuse Elementary,East Syracuse Elementary,43.068611,-76.074583,10/23/2023,12:16:00,0,10.931,57.379,1.51,4.53,307.5,NW
East Syracuse Elementary,East Syracuse Elementary,43.068611,-76.074583,10/23/2023,12:31:00,0,11.531,54.331,1.51,4.53,271,W
East Syracuse Elementary,East Syracuse Elementary,43.068611,-76.074583,10/23/2023,12:46:00,0,10.159,62.094,1.51,5.54,287.8,W
East Syracuse Elementary,East Syracuse Elementary,43.068611,-76.074583,10/23/2023,13:01:00,0,11.381,55.415,1.51,4.53,287.8,W
East Syracuse Elementary,East Syracuse Elementary,43.068611,-76.074583,10/23/2023,13:16:00,0,10.416,60.841,1.51,3.52,278,W
East Syracuse Elementary,East Syracuse Elementary,43.068611,-76.074583,10/23/2023,13:31:00,0,11.038,57.365,1.51,5.54,328.5,NW
East Syracuse Elementary,East Syracuse Elementary,43.068611,-76.074583,10/23/2023,13:46:00,0,11.102,57.163,1.51,4.03,294.8,NW
East Syracuse Elementary,East Syracuse Elementary,43.068611,-76.074583,10/23/2023,14:01:00,0,11.81,53.552,1.51,4.53,275.2,W
East Syracuse Elementary,East Syracuse Elementary,43.068611,-76.074583,10/23/2023,14:16:00,0,12.153,55.27,1.51,6.04,290.6,W
East Syracuse Elementary,East Syracuse Elementary,43.068611,-76.074583,10/23/2023,14:31:00,0,12.153,53.355,1.51,5.54,292,W
East Syracuse Elementary,East Syracuse Elementary,43.068611,-76.074583,10/23/2023,14:46:00,0,12.218,52.906,1.51,4.03,276.6,W
East Syracuse Elementary,East Syracuse Elementary,43.068611,-76.074583,10/23/2023,15:01:00,0,12.003,52.505,2.01,4.03,285,W
East Syracuse Elementary,East Syracuse Elementary,43.068611,-76.074583,10/23/2023,15:16:00,0,12.496,51.74,1.51,4.53,265.3,W
East Syracuse Elementary,East Syracuse Elementary,43.068611,-76.074583,10/23/2023,15:31:00,0,12.389,51.255,1.51,4.03,294.8,NW
East Syracuse Elementary,East Syracuse Elementary,43.068611,-76.074583,10/23/2023,15:46:00,0,12.475,50.893,1.51,4.03,271,W
East Syracuse Elementary,East Syracuse Elementary,43.068611,-76.074583,10/23/2023,16:01:00,0,12.625,49.175,1.01,3.52,276.6,W
East Syracuse Elementary,East Syracuse Elementary,43.068611,-76.074583,10/23/2023,16:16:00,0,12.604,50.617,1.01,3.52,296.2,NW
East Syracuse Elementary,East Syracuse Elementary,43.068611,-76.074583,10/23/2023,16:31:00,0,12.882,48.756,1.01,3.02,261.1,W
East Syracuse Elementary,East Syracuse Elementary,43.068611,-76.074583,10/23/2023,16:46:00,0,12.797,49.029,0.5,3.52,294.8,NW
East Syracuse Elementary,East Syracuse Elementary,43.068611,-76.074583,10/23/2023,17:01:00,0,11.724,50.233,1.01,3.52,315.9,NW
East Syracuse Elementary,East Syracuse Elementary,43.068611,-76.074583,10/23/2023,17:16:00,0,11.574,51.086,1.01,2.52,307.5,NW
East Syracuse Elementary,East Syracuse Elementary,43.068611,-76.074583,10/23/2023,17:31:00,0,11.617,51.954,0,2.01,304.7,NW
East Syracuse Elementary,East Syracuse Elementary,43.068611,-76.074583,10/23/2023,17:46:00,0,10.48,56.252,0,1.01,304.7,NW
East Syracuse Elementary,East Syracuse Elementary,43.068611,-76.074583,10/23/2023,18:01:00,0,10.008,58.468,0,1.51,304.7,NW
East Syracuse Elementary,East Syracuse Elementary,43.068611,-76.074583,10/23/2023,18:16:00,0,9.301,61.952,0,1.51,304.7,NW
East Syracuse Elementary,East Syracuse Elementary,43.068611,-76.074583,10/23/2023,18:31:00,0,8.807,64.465,0,1.01,304.7,NW
East Syracuse Elementary,East Syracuse Elementary,43.068611,-76.074583,10/23/2023,18:46:00,0,8.207,66.708,0,1.01,304.7,NW
East Syracuse Elementary,East Syracuse Elementary,43.068611,-76.074583,10/23/2023,19:01:00,0,7.177,74.421,0,0,304.7,NW
East Syracuse Elementary,East Syracuse Elementary,43.068611,-76.074583,10/23/2023,19:16:00,0,7.027,73.606,0,0,304.7,NW
East Syracuse Elementary,East Syracuse Elementary,43.068611,-76.074583,10/23/2023,19:31:00,0,6.62,76.295,0,0,304.7,NW
East Syracuse Elementary,East Syracuse Elementary,43.068611,-76.074583,10/23/2023,19:46:00,0,5.74,82.086,0,0,304.7,NW
East Syracuse Elementary,East Syracuse Elementary,43.068611,-76.074583,10/23/2023,20:01:00,0,5.569,83.493,0,0,304.7,NW
East Syracuse Elementary,East Syracuse Elementary,43.068611,-76.074583,10/23/2023,20:16:00,0,5.054,85.972,0,0,304.7,NW
East Syracuse Elementary,East Syracuse Elementary,43.068611,-76.074583,10/23/2023,20:31:00,0,5.011,87.947,0,0,304.7,NW
East Syracuse Elementary,East Syracuse Elementary,43.068611,-76.074583,10/23/2023,20:46:00,0,4.518,89.984,0,0,304.7,NW
East Syracuse Elementary,East Syracuse Elementary,43.068611,-76.074583,10/23/2023,21:01:00,0,4.475,91.092,0,0,304.7,NW
East Syracuse Elementary,East Syracuse Elementary,43.068611,-76.074583,10/23/2023,21:16:00,0,4.217,92.374,0,0,304.7,NW
East Syracuse Elementary,East Syracuse Elementary,43.068611,-76.074583,10/23/2023,21:31:00,0,4.389,91.8,0,0.5,304.7,NW
East Syracuse Elementary,East Syracuse Elementary,43.068611,-76.074583,10/23/2023,21:46:00,0,4.26,91.934,0,0,304.7,NW
East Syracuse Elementary,East Syracuse Elementary,43.068611,-76.074583,10/23/2023,22:01:00,0,4.153,90.556,0,1.01,304.7,NW
East Syracuse Elementary,East Syracuse Elementary,43.068611,-76.074583,10/23/2023,22:16:00,0,3.874,91.031,0,0,304.7,NW
East Syracuse Elementary,East Syracuse Elementary,43.068611,-76.074583,10/23/2023,22:31:00,0,3.724,90.939,0,0.5,304.7,NW
East Syracuse Elementary,East Syracuse Elementary,43.068611,-76.074583,10/23/2023,22:46:00,0,4.325,88.606,0,1.01,301.8,NW
East Syracuse Elementary,East Syracuse Elementary,43.068611,-76.074583,10/23/2023,23:01:00,0,4.239,88.775,0,1.51,286.4,W
East Syracuse Elementary,East Syracuse Elementary,43.068611,-76.074583,10/23/2023,23:16:00,0,4.046,89.604,0,0.5,286.4,W
East Syracuse Elementary,East Syracuse Elementary,43.068611,-76.074583,10/23/2023,23:31:00,0,4.196,89.073,0,1.01,286.4,W
East Syracuse Elementary,East Syracuse Elementary,43.068611,-76.074583,10/23/2023,23:46:00,0,4.41,88.19,0,0.5,286.4,W
East Syracuse Elementary,East Syracuse Elementary,43.068611,-76.074583,10/24/2023,0:01:00,0,4.561,87.936,0,1.51,286.4,W
East Syracuse Elementary,East Syracuse Elementary,43.068611,-76.074583,10/24/2023,0:16:00,0,4.754,87.488,0,1.01,286.4,W
East Syracuse Elementary,East Syracuse Elementary,43.068611,-76.074583,10/24/2023,0:31:00,0,4.904,87.607,0,0.5,286.4,W
East Syracuse Elementary,East Syracuse Elementary,43.068611,-76.074583,10/24/2023,0:46:00,0,5.011,87.095,0,1.01,286.4,W
East Syracuse Elementary,East Syracuse Elementary,43.068611,-76.074583,10/24/2023,1:01:00,0,5.311,87.141,0,0,286.4,W
East Syracuse Elementary,East Syracuse Elementary,43.068611,-76.074583,10/24/2023,1:16:00,0,5.354,86.426,0,0.5,286.4,W
East Syracuse Elementary,East Syracuse Elementary,43.068611,-76.074583,10/24/2023,1:31:00,0,5.247,87.169,0,0.5,286.4,W
East Syracuse Elementary,East Syracuse Elementary,43.068611,-76.074583,10/24/2023,1:46:00,0,5.397,86.638,0,0.5,286.4,W
East Syracuse Elementary,East Syracuse Elementary,43.068611,-76.074583,10/24/2023,2:01:00,0,5.762,84.727,0,0,286.4,W
East Syracuse Elementary,East Syracuse Elementary,43.068611,-76.074583,10/24/2023,2:16:00,0,5.59,87.094,0,0.5,286.4,W
East Syracuse Elementary,East Syracuse Elementary,43.068611,-76.074583,10/24/2023,2:31:00,0,5.29,87.778,0,1.01,286.4,W
East Syracuse Elementary,East Syracuse Elementary,43.068611,-76.074583,10/24/2023,2:46:00,0,5.204,88.157,0,0.5,286.4,W
East Syracuse Elementary,East Syracuse Elementary,43.068611,-76.074583,10/24/2023,3:01:00,0,5.075,89.314,0,1.01,292,W
East Syracuse Elementary,East Syracuse Elementary,43.068611,-76.074583,10/24/2023,3:16:00,0,4.904,89.424,0,1.01,294.8,NW
East Syracuse Elementary,East Syracuse Elementary,43.068611,-76.074583,10/24/2023,3:31:00,0,4.754,91.15,0,0,294.8,NW
East Syracuse Elementary,East Syracuse Elementary,43.068611,-76.074583,10/24/2023,3:46:00,0,4.41,91.435,0,1.01,293.4,NW
East Syracuse Elementary,East Syracuse Elementary,43.068611,-76.074583,10/24/2023,4:01:00,0,4.217,92.184,0,1.51,292,W
East Syracuse Elementary,East Syracuse Elementary,43.068611,-76.074583,10/24/2023,4:16:00,0,4.389,91.714,0,0.5,292,W
East Syracuse Elementary,East Syracuse Elementary,43.068611,-76.074583,10/24/2023,4:31:00,0,4.604,91.092,0,1.01,293.4,NW
East Syracuse Elementary,East Syracuse Elementary,43.068611,-76.074583,10/24/2023,4:46:00,0,4.711,90.216,0,1.01,292,W
East Syracuse Elementary,East Syracuse Elementary,43.068611,-76.074583,10/24/2023,5:01:00,0,4.625,90.719,0,1.51,292,W
East Syracuse Elementary,East Syracuse Elementary,43.068611,-76.074583,10/24/2023,5:16:00,0,4.754,89.955,0,1.51,292,W
East Syracuse Elementary,East Syracuse Elementary,43.068611,-76.074583,10/24/2023,5:31:00,0,4.968,89.2,0,1.51,53.3,NE
East Syracuse Elementary,East Syracuse Elementary,43.068611,-76.074583,10/24/2023,5:46:00,0,5.14,88.467,0,1.01,68.8,E
East Syracuse Elementary,East Syracuse Elementary,43.068611,-76.074583,10/24/2023,6:01:00,0,5.054,88.737,0,0.5,68.8,E
East Syracuse Elementary,East Syracuse Elementary,43.068611,-76.074583,10/24/2023,6:16:00,0,4.904,89.52,0,0.5,68.8,E
East Syracuse Elementary,East Syracuse Elementary,43.068611,-76.074583,10/24/2023,6:31:00,0,4.732,90.872,0,1.01,68.8,E
East Syracuse Elementary,East Syracuse Elementary,43.068611,-76.074583,10/24/2023,6:46:00,0,4.861,91.023,0,0.5,68.8,E
East Syracuse Elementary,East Syracuse Elementary,43.068611,-76.074583,10/24/2023,7:01:00,0,5.097,90.446,0,1.51,68.8,E
East Syracuse Elementary,East Syracuse Elementary,43.068611,-76.074583,10/24/2023,7:16:00,0,5.397,89.607,0,0.5,70.2,E
East Syracuse Elementary,East Syracuse Elementary,43.068611,-76.074583,10/24/2023,7:31:00,0,5.29,90.684,0,1.01,70.2,E
East Syracuse Elementary,East Syracuse Elementary,43.068611,-76.074583,10/24/2023,7:46:00,0,5.59,88.359,0,1.01,68.8,E
East Syracuse Elementary,East Syracuse Elementary,43.068611,-76.074583,10/24/2023,8:01:00,0,5.612,88.304,0,1.51,56.2,NE
East Syracuse Elementary,East Syracuse Elementary,43.068611,-76.074583,10/24/2023,8:16:00,0,5.762,87.547,0,0.5,53.3,NE
East Syracuse Elementary,East Syracuse Elementary,43.068611,-76.074583,10/24/2023,8:31:00,0,5.976,86.825,0,0.5,53.3,NE
East Syracuse Elementary,East Syracuse Elementary,43.068611,-76.074583,10/24/2023,8:46:00,0,6.276,85.602,0,1.01,54.8,NE
East Syracuse Elementary,East Syracuse Elementary,43.068611,-76.074583,10/24/2023,9:01:00,0,7.885,80.58,0,1.01,53.3,NE
East Syracuse Elementary,East Syracuse Elementary,43.068611,-76.074583,10/24/2023,9:16:00,0,9.687,71.977,0,1.01,53.3,NE
East Syracuse Elementary,East Syracuse Elementary,43.068611,-76.074583,10/24/2023,9:31:00,0,11.274,66.307,0,0.5,53.3,NE
East Syracuse Elementary,East Syracuse Elementary,43.068611,-76.074583,10/24/2023,9:46:00,0,11.66,64.199,0,1.01,54.8,NE
East Syracuse Elementary,East Syracuse Elementary,43.068611,-76.074583,10/24/2023,10:01:00,0,13.74,54.977,0,1.51,46.3,NE
East Syracuse Elementary,East Syracuse Elementary,43.068611,-76.074583,10/24/2023,10:16:00,0,13.826,56.042,0,1.01,42.1,NE
East Syracuse Elementary,East Syracuse Elementary,43.068611,-76.074583,10/24/2023,10:31:00,0,15.799,50.072,0,1.01,42.1,NE
East Syracuse Elementary,East Syracuse Elementary,43.068611,-76.074583,10/24/2023,10:46:00,0,16.722,39.994,0.5,3.02,35.1,NE
East Syracuse Elementary,East Syracuse Elementary,43.068611,-76.074583,10/24/2023,11:01:00,0,16.636,35.647,1.51,4.53,212,SW
East Syracuse Elementary,East Syracuse Elementary,43.068611,-76.074583,10/24/2023,11:16:00,0,17.408,36.445,1.51,4.53,216.2,SW
East Syracuse Elementary,East Syracuse Elementary,43.068611,-76.074583,10/24/2023,11:31:00,0,17.322,34.087,1.01,4.03,199.4,S
East Syracuse Elementary,East Syracuse Elementary,43.068611,-76.074583,10/24/2023,11:46:00,0,17.193,35.505,1.01,3.02,189.5,S
East Syracuse Elementary,East Syracuse Elementary,43.068611,-76.074583,10/24/2023,12:01:00,0,18.695,33.893,1.01,4.03,202.2,S
East Syracuse Elementary,East Syracuse Elementary,43.068611,-76.074583,10/24/2023,12:16:00,0,16.979,36.271,1.01,5.03,190.9,S
East Syracuse Elementary,East Syracuse Elementary,43.068611,-76.074583,10/24/2023,12:31:00,0,17.386,36.422,1.01,3.02,202.2,S
East Syracuse Elementary,East Syracuse Elementary,43.068611,-76.074583,10/24/2023,12:46:00,0,17.837,35.473,0.5,3.02,213.4,SW
East Syracuse Elementary,East Syracuse Elementary,43.068611,-76.074583,10/24/2023,13:01:00,0,18.33,34.311,0.5,3.02,192.3,S
East Syracuse Elementary,East Syracuse Elementary,43.068611,-76.074583,10/24/2023,13:16:00,0,18.845,34.476,0,2.52,174.1,S
East Syracuse Elementary,East Syracuse Elementary,43.068611,-76.074583,10/24/2023,13:31:00,0,18.373,37.401,0,3.02,146,SE
East Syracuse Elementary,East Syracuse Elementary,43.068611,-76.074583,10/24/2023,13:46:00,0,19.574,37.223,0,1.51,150.2,SE
East Syracuse Elementary,East Syracuse Elementary,43.068611,-76.074583,10/24/2023,14:01:00,0,20.561,31.17,0.5,2.01,133.4,SE
East Syracuse Elementary,East Syracuse Elementary,43.068611,-76.074583,10/24/2023,14:16:00,0,21.033,27.201,0.5,3.02,190.9,S
East Syracuse Elementary,East Syracuse Elementary,43.068611,-76.074583,10/24/2023,14:31:00,0,20.518,26.255,1.01,4.03,224.6,SW
East Syracuse Elementary,East Syracuse Elementary,43.068611,-76.074583,10/24/2023,14:46:00,0,20.84,27.156,1.01,4.53,223.2,SW
East Syracuse Elementary,East Syracuse Elementary,43.068611,-76.074583,10/24/2023,15:01:00,0,20.647,25.705,1.01,4.03,212,SW
East Syracuse Elementary,East Syracuse Elementary,43.068611,-76.074583,10/24/2023,15:16:00,0,20.454,26.949,0.5,3.02,202.2,S
East Syracuse Elementary,East Syracuse Elementary,43.068611,-76.074583,10/24/2023,15:31:00,0,21.183,25.646,0.5,2.52,207.8,SW
East Syracuse Elementary,East Syracuse Elementary,43.068611,-76.074583,10/24/2023,15:46:00,0,20.84,27.527,0.5,3.02,216.2,SW
East Syracuse Elementary,East Syracuse Elementary,43.068611,-76.074583,10/24/2023,16:01:00,0,21.612,26.154,0.5,3.02,195.1,S
East Syracuse Elementary,East Syracuse Elementary,43.068611,-76.074583,10/24/2023,16:16:00,0,22.062,25.887,0.5,3.52,213.4,SW
East Syracuse Elementary,East Syracuse Elementary,43.068611,-76.074583,10/24/2023,16:31:00,0,21.912,28.411,1.01,4.53,176.9,S
East Syracuse Elementary,East Syracuse Elementary,43.068611,-76.074583,10/24/2023,16:46:00,0,21.376,29.262,1.01,3.02,154.4,SE
East Syracuse Elementary,East Syracuse Elementary,43.068611,-76.074583,10/24/2023,17:01:00,0,21.354,29.499,0,3.02,165.7,S
East Syracuse Elementary,East Syracuse Elementary,43.068611,-76.074583,10/24/2023,17:16:00,0,20.818,30.192,0.5,3.02,134.8,SE
East Syracuse Elementary,East Syracuse Elementary,43.068611,-76.074583,10/24/2023,17:31:00,0,20.368,31.221,0.5,3.02,155.8,SE
East Syracuse Elementary,East Syracuse Elementary,43.068611,-76.074583,10/24/2023,17:46:00,0,19.338,32.827,0.5,2.52,174.1,S
East Syracuse Elementary,East Syracuse Elementary,43.068611,-76.074583,10/24/2023,18:01:00,0,18.845,35.322,0,3.02,160,S
East Syracuse Elementary,East Syracuse Elementary,43.068611,-76.074583,10/24/2023,18:16:00,0,17.687,36.065,0,1.01,113.7,SE
East Syracuse Elementary,East Syracuse Elementary,43.068611,-76.074583,10/24/2023,18:31:00,0,16.872,39.573,0,1.51,132,SE
East Syracuse Elementary,East Syracuse Elementary,43.068611,-76.074583,10/24/2023,18:46:00,0,16.915,39.243,0,1.01,139,SE
East Syracuse Elementary,East Syracuse Elementary,43.068611,-76.074583,10/24/2023,19:01:00,0,16.443,41.93,0,1.51,144.6,SE
East Syracuse Elementary,East Syracuse Elementary,43.068611,-76.074583,10/24/2023,19:16:00,0,16.207,40.795,0,1.01,171.3,S
East Syracuse Elementary,East Syracuse Elementary,43.068611,-76.074583,10/24/2023,19:31:00,0,16.057,41.425,0,1.01,154.4,SE
East Syracuse Elementary,East Syracuse Elementary,43.068611,-76.074583,10/24/2023,19:46:00,0,16.142,38.657,0,1.51,153,SE
East Syracuse Elementary,East Syracuse Elementary,43.068611,-76.074583,10/24/2023,20:01:00,0,14.126,48.072,0,1.01,153,SE
East Syracuse Elementary,East Syracuse Elementary,43.068611,-76.074583,10/24/2023,20:16:00,0,13.655,52.084,0,1.01,153,SE
East Syracuse Elementary,East Syracuse Elementary,43.068611,-76.074583,10/24/2023,20:31:00,0,13.547,52.367,0,0.5,153,SE
East Syracuse Elementary,East Syracuse Elementary,43.068611,-76.074583,10/24/2023,20:46:00,0,12.861,53.62,0,0.5,153,SE
East Syracuse Elementary,East Syracuse Elementary,43.068611,-76.074583,10/24/2023,21:01:00,0,14.062,48.553,0,1.01,132,SE
East Syracuse Elementary,East Syracuse Elementary,43.068611,-76.074583,10/24/2023,21:16:00,0,16.121,39.559,0,1.01,112.3,E
East Syracuse Elementary,East Syracuse Elementary,43.068611,-76.074583,10/24/2023,21:31:00,0,16.293,38.346,0,1.51,153,SE
East Syracuse Elementary,East Syracuse Elementary,43.068611,-76.074583,10/24/2023,21:46:00,0,16.357,39.898,0,1.51,137.6,SE
East Syracuse Elementary,East Syracuse Elementary,43.068611,-76.074583,10/24/2023,22:01:00,0,15.628,41.921,0,1.51,137.6,SE
East Syracuse Elementary,East Syracuse Elementary,43.068611,-76.074583,10/24/2023,22:16:00,0,15.263,43.16,0,0.5,139,SE
East Syracuse Elementary,East Syracuse Elementary,43.068611,-76.074583,10/24/2023,22:31:00,0,14.663,45.286,0,0.5,139,SE
East Syracuse Elementary,East Syracuse Elementary,43.068611,-76.074583,10/24/2023,22:46:00,0,14.019,47.643,0,1.01,132,SE
East Syracuse Elementary,East Syracuse Elementary,43.068611,-76.074583,10/24/2023,23:01:00,0,13.826,49.976,0,0.5,127.8,SE
East Syracuse Elementary,East Syracuse Elementary,43.068611,-76.074583,10/24/2023,23:16:00,0,15.349,43.595,0.5,2.01,129.2,SE
East Syracuse Elementary,East Syracuse Elementary,43.068611,-76.074583,10/24/2023,23:31:00,0,15.885,42.745,0,2.01,123.5,SE
East Syracuse Elementary,East Syracuse Elementary,43.068611,-76.074583,10/24/2023,23:46:00,0,15.885,43.073,0.5,2.01,175.5,S
East Syracuse Elementary,East Syracuse Elementary,43.068611,-76.074583,10/25/2023,0:01:00,0,15.692,43.784,0,2.01,174.1,S
East Syracuse Elementary,East Syracuse Elementary,43.068611,-76.074583,10/25/2023,0:16:00,0,15.006,45.811,0,1.51,174.1,S
East Syracuse Elementary,East Syracuse Elementary,43.068611,-76.074583,10/25/2023,0:31:00,0,15.156,46.493,0.5,2.01,174.1,S
East Syracuse Elementary,East Syracuse Elementary,43.068611,-76.074583,10/25/2023,0:46:00,0,15.563,44.868,0.5,2.52,174.1,S
East Syracuse Elementary,East Syracuse Elementary,43.068611,-76.074583,10/25/2023,1:01:00,0,15.306,45.687,0.5,2.52,171.3,S
East Syracuse Elementary,East Syracuse Elementary,43.068611,-76.074583,10/25/2023,1:16:00,0,15.649,44.732,0.5,2.01,178.3,S
East Syracuse Elementary,East Syracuse Elementary,43.068611,-76.074583,10/25/2023,1:31:00,0,15.714,45.197,1.01,3.02,167.1,S
East Syracuse Elementary,East Syracuse Elementary,43.068611,-76.074583,10/25/2023,1:46:00,0,15.885,45.295,0.5,2.52,172.7,S
East Syracuse Elementary,East Syracuse Elementary,43.068611,-76.074583,10/25/2023,2:01:00,0,16.142,44.988,0,2.52,181.1,S
East Syracuse Elementary,East Syracuse Elementary,43.068611,-76.074583,10/25/2023,2:16:00,0,16.293,45.806,0.5,3.02,161.5,S
East Syracuse Elementary,East Syracuse Elementary,43.068611,-76.074583,10/25/2023,2:31:00,0,16.4,44.762,0.5,2.01,169.9,S
East Syracuse Elementary,East Syracuse Elementary,43.068611,-76.074583,10/25/2023,2:46:00,0,16.014,44.594,0,2.01,161.5,S
East Syracuse Elementary,East Syracuse Elementary,43.068611,-76.074583,10/25/2023,3:01:00,0,16.035,45.551,0,2.52,143.2,SE
East Syracuse Elementary,East Syracuse Elementary,43.068611,-76.074583,10/25/2023,3:16:00,0,16.1,45.341,0.5,2.01,160,S
East Syracuse Elementary,East Syracuse Elementary,43.068611,-76.074583,10/25/2023,3:31:00,0,16.336,43.853,0.5,2.52,165.7,S
East Syracuse Elementary,East Syracuse Elementary,43.068611,-76.074583,10/25/2023,3:46:00,0,16.142,44.855,0.5,3.52,162.9,S
East Syracuse Elementary,East Syracuse Elementary,43.068611,-76.074583,10/25/2023,4:01:00,0,16.1,45.18,0.5,4.03,155.8,SE
East Syracuse Elementary,East Syracuse Elementary,43.068611,-76.074583,10/25/2023,4:16:00,0,16.121,46.435,0,2.01,155.8,SE
East Syracuse Elementary,East Syracuse Elementary,43.068611,-76.074583,10/25/2023,4:31:00,0,16.078,45.634,0,2.52,139,SE
East Syracuse Elementary,East Syracuse Elementary,43.068611,-76.074583,10/25/2023,4:46:00,0,15.714,47.19,0,3.02,168.5,S
East Syracuse Elementary,East Syracuse Elementary,43.068611,-76.074583,10/25/2023,5:01:00,0,16.164,45.441,0.5,2.52,150.2,SE
East Syracuse Elementary,East Syracuse Elementary,43.068611,-76.074583,10/25/2023,5:16:00,0,16.357,46.32,0.5,3.02,153,SE
East Syracuse Elementary,East Syracuse Elementary,43.068611,-76.074583,10/25/2023,5:31:00,0,16.657,44.425,0.5,2.52,161.5,S
East Syracuse Elementary,East Syracuse Elementary,43.068611,-76.074583,10/25/2023,5:46:00,0,16.55,45.11,0,2.01,137.6,SE
East Syracuse Elementary,East Syracuse Elementary,43.068611,-76.074583,10/25/2023,6:01:00,0,16.571,45.144,0,1.51,169.9,S
East Syracuse Elementary,East Syracuse Elementary,43.068611,-76.074583,10/25/2023,6:16:00,0,16.035,47.781,0,1.51,155.8,SE
East Syracuse Elementary,East Syracuse Elementary,43.068611,-76.074583,10/25/2023,6:31:00,0,16.142,46.613,0,2.01,137.6,SE
East Syracuse Elementary,East Syracuse Elementary,43.068611,-76.074583,10/25/2023,6:46:00,0,16.185,47.958,0,1.51,146,SE
East Syracuse Elementary,East Syracuse Elementary,43.068611,-76.074583,10/25/2023,7:01:00,0,15.413,52.047,0,1.01,144.6,SE
East Syracuse Elementary,East Syracuse Elementary,43.068611,-76.074583,10/25/2023,7:16:00,0,15.177,53.205,0,0.5,144.6,SE
East Syracuse Elementary,East Syracuse Elementary,43.068611,-76.074583,10/25/2023,7:31:00,0,15.156,53.237,0,1.01,144.6,SE
East Syracuse Elementary,East Syracuse Elementary,43.068611,-76.074583,10/25/2023,7:46:00,0,15.327,53.091,0,1.51,133.4,SE
East Syracuse Elementary,East Syracuse Elementary,43.068611,-76.074583,10/25/2023,8:01:00,0,14.941,55.076,0,0.5,141.8,SE
East Syracuse Elementary,East Syracuse Elementary,43.068611,-76.074583,10/25/2023,8:16:00,0,15.22,55.407,0,1.01,141.8,SE
East Syracuse Elementary,East Syracuse Elementary,43.068611,-76.074583,10/25/2023,8:31:00,0,15.606,54.583,0,1.01,136.2,SE
East Syracuse Elementary,East Syracuse Elementary,43.068611,-76.074583,10/25/2023,8:46:00,0,16.614,50.549,0,1.01,136.2,SE
East Syracuse Elementary,East Syracuse Elementary,43.068611,-76.074583,10/25/2023,9:01:00,0,16.507,53.881,0,1.01,134.8,SE
East Syracuse Elementary,East Syracuse Elementary,43.068611,-76.074583,10/25/2023,9:16:00,0,16.378,57.488,0,1.51,42.1,NE
East Syracuse Elementary,East Syracuse Elementary,43.068611,-76.074583,10/25/2023,9:31:00,0,17.88,52.006,0,1.51,43.5,NE
East Syracuse Elementary,East Syracuse Elementary,43.068611,-76.074583,10/25/2023,9:46:00,0,18.545,48.293,0,2.01,74.4,E
East Syracuse Elementary,East Syracuse Elementary,43.068611,-76.074583,10/25/2023,10:01:00,0,18.523,48.585,0.5,2.01,120.7,SE
East Syracuse Elementary,East Syracuse Elementary,43.068611,-76.074583,10/25/2023,10:16:00,0,18.716,48.832,0,1.51,119.3,SE
East Syracuse Elementary,East Syracuse Elementary,43.068611,-76.074583,10/25/2023,10:31:00,0,19.767,46.955,0,1.51,129.2,SE
East Syracuse Elementary,East Syracuse Elementary,43.068611,-76.074583,10/25/2023,10:46:00,0,20.368,46.772,0,1.01,130.6,SE
East Syracuse Elementary,East Syracuse Elementary,43.068611,-76.074583,10/25/2023,11:01:00,0,21.397,47.323,0,1.01,129.2,SE
East Syracuse Elementary,East Syracuse Elementary,43.068611,-76.074583,10/25/2023,11:16:00,0,20.925,47.33,0.5,1.51,129.2,SE
East Syracuse Elementary,East Syracuse Elementary,43.068611,-76.074583,10/25/2023,11:31:00,0,22.019,48.998,0,0.5,129.2,SE
East Syracuse Elementary,East Syracuse Elementary,43.068611,-76.074583,10/25/2023,11:46:00,0,22.834,47.312,0,1.01,129.2,SE
East Syracuse Elementary,East Syracuse Elementary,43.068611,-76.074583,10/25/2023,12:01:00,0,24.572,43.917,0.5,3.52,136.2,SE
East Syracuse Elementary,East Syracuse Elementary,43.068611,-76.074583,10/25/2023,12:16:00,0,25.129,38.076,1.01,3.52,228.8,SW
East Syracuse Elementary,East Syracuse Elementary,43.068611,-76.074583,10/25/2023,12:31:00,0,24.336,38.634,1.01,3.52,227.4,SW
East Syracuse Elementary,East Syracuse Elementary,43.068611,-76.074583,10/25/2023,12:46:00,0,24.486,38.335,1.01,4.53,226,SW
East Syracuse Elementary,East Syracuse Elementary,43.068611,-76.074583,10/25/2023,13:01:00,0,24.057,40.003,2.01,5.03,240.1,SW
East Syracuse Elementary,East Syracuse Elementary,43.068611,-76.074583,10/25/2023,13:16:00,0,24.164,39.065,1.51,5.54,237.3,SW
East Syracuse Elementary,East Syracuse Elementary,43.068611,-76.074583,10/25/2023,13:31:00,0,24.228,40.117,2.52,5.03,255.5,W
East Syracuse Elementary,East Syracuse Elementary,43.068611,-76.074583,10/25/2023,13:46:00,0,24.035,39.301,2.01,5.03,259.7,W
East Syracuse Elementary,East Syracuse Elementary,43.068611,-76.074583,10/25/2023,14:01:00,0,23.928,40.07,1.01,4.53,261.1,W
East Syracuse Elementary,East Syracuse Elementary,43.068611,-76.074583,10/25/2023,14:16:00,0,23.821,39.232,1.51,5.54,242.9,SW
East Syracuse Elementary,East Syracuse Elementary,43.068611,-76.074583,10/25/2023,14:31:00,0,23.671,38.431,1.01,4.03,223.2,SW
East Syracuse Elementary,East Syracuse Elementary,43.068611,-76.074583,10/25/2023,14:46:00,0,24.078,37.639,0.5,2.01,199.4,S
East Syracuse Elementary,East Syracuse Elementary,43.068611,-76.074583,10/25/2023,15:01:00,0,24.507,37.436,0.5,3.52,189.5,S
East Syracuse Elementary,East Syracuse Elementary,43.068611,-76.074583,10/25/2023,15:16:00,0,24.271,37.006,0,2.52,193.7,S
East Syracuse Elementary,East Syracuse Elementary,43.068611,-76.074583,10/25/2023,15:31:00,0,24.529,35.657,0.5,3.52,209.2,SW
East Syracuse Elementary,East Syracuse Elementary,43.068611,-76.074583,10/25/2023,15:46:00,0,24.679,35.506,0,2.01,210.6,SW
East Syracuse Elementary,East Syracuse Elementary,43.068611,-76.074583,10/25/2023,16:01:00,0,24.572,34.997,0.5,2.52,220.4,SW
East Syracuse Elementary,East Syracuse Elementary,43.068611,-76.074583,10/25/2023,16:16:00,0,24.507,31.812,0.5,3.02,214.8,SW
East Syracuse Elementary,East Syracuse Elementary,43.068611,-76.074583,10/25/2023,16:31:00,0,24.207,31.13,1.01,3.02,219,SW
East Syracuse Elementary,East Syracuse Elementary,43.068611,-76.074583,10/25/2023,16:46:00,0,23.757,31.847,0.5,2.52,196.5,S
East Syracuse Elementary,East Syracuse Elementary,43.068611,-76.074583,10/25/2023,17:01:00,0,23.585,30.704,0.5,3.52,212,SW
East Syracuse Elementary,East Syracuse Elementary,43.068611,-76.074583,10/25/2023,17:16:00,0,23.113,33.133,0,2.52,213.4,SW
East Syracuse Elementary,East Syracuse Elementary,43.068611,-76.074583,10/25/2023,17:31:00,0,22.77,34.557,0,2.01,193.7,S
East Syracuse Elementary,East Syracuse Elementary,43.068611,-76.074583,10/25/2023,17:46:00,0,22.47,35.692,0,2.01,169.9,S
East Syracuse Elementary,East Syracuse Elementary,43.068611,-76.074583,10/25/2023,18:01:00,0,22.041,36.443,0,1.51,168.5,S
East Syracuse Elementary,East Syracuse Elementary,43.068611,-76.074583,10/25/2023,18:16:00,0,21.44,39.983,0,1.01,169.9,S
East Syracuse Elementary,East Syracuse Elementary,43.068611,-76.074583,10/25/2023,18:31:00,0,21.076,39.947,0,3.02,160,S
East Syracuse Elementary,East Syracuse Elementary,43.068611,-76.074583,10/25/2023,18:46:00,0,20.668,43.046,0,1.01,158.6,S
East Syracuse Elementary,East Syracuse Elementary,43.068611,-76.074583,10/25/2023,19:01:00,0,20.539,42.986,0,1.01,158.6,S
East Syracuse Elementary,East Syracuse Elementary,43.068611,-76.074583,10/25/2023,19:16:00,0,20.454,44.044,0,1.01,148.8,SE
East Syracuse Elementary,East Syracuse Elementary,43.068611,-76.074583,10/25/2023,19:31:00,0,18.866,50.39,0,0.5,147.4,SE
East Syracuse Elementary,East Syracuse Elementary,43.068611,-76.074583,10/25/2023,19:46:00,0,18.309,55.343,0,0.5,147.4,SE
East Syracuse Elementary,East Syracuse Elementary,43.068611,-76.074583,10/25/2023,20:01:00,0,17.665,58.543,0,0,147.4,SE
East Syracuse Elementary,East Syracuse Elementary,43.068611,-76.074583,10/25/2023,20:16:00,0,18.352,57.049,0,0.5,147.4,SE
East Syracuse Elementary,East Syracuse Elementary,43.068611,-76.074583,10/25/2023,20:31:00,0,17.944,54.153,0,1.51,146,SE
East Syracuse Elementary,East Syracuse Elementary,43.068611,-76.074583,10/25/2023,20:46:00,0,17.429,59.678,0,1.51,147.4,SE
East Syracuse Elementary,East Syracuse Elementary,43.068611,-76.074583,10/25/2023,21:01:00,0,17.172,59.033,0,1.51,147.4,SE
East Syracuse Elementary,East Syracuse Elementary,43.068611,-76.074583,10/25/2023,21:16:00,0,17.043,60.067,0,0.5,147.4,SE
East Syracuse Elementary,East Syracuse Elementary,43.068611,-76.074583,10/25/2023,21:31:00,0,16.7,63.192,0,0,147.4,SE
East Syracuse Elementary,East Syracuse Elementary,43.068611,-76.074583,10/25/2023,21:46:00,0,16.55,64.698,0,0,147.4,SE
East Syracuse Elementary,East Syracuse Elementary,43.068611,-76.074583,10/25/2023,22:01:00,0,16.121,66.612,0,0,147.4,SE
East Syracuse Elementary,East Syracuse Elementary,43.068611,-76.074583,10/25/2023,22:16:00,0,16.207,68.875,0,0.5,147.4,SE
East Syracuse Elementary,East Syracuse Elementary,43.068611,-76.074583,10/25/2023,22:31:00,0,16.293,69.4,0,1.01,147.4,SE
East Syracuse Elementary,East Syracuse Elementary,43.068611,-76.074583,10/25/2023,22:46:00,0,16.228,68.76,0,1.51,147.4,SE
East Syracuse Elementary,East Syracuse Elementary,43.068611,-76.074583,10/25/2023,23:01:00,0,16.164,69.31,0,0.5,146,SE
East Syracuse Elementary,East Syracuse Elementary,43.068611,-76.074583,10/25/2023,23:16:00,0,15.971,72.206,0,0.5,146,SE
East Syracuse Elementary,East Syracuse Elementary,43.068611,-76.074583,10/25/2023,23:31:00,0,15.714,76.432,0,0.5,146,SE
East Syracuse Elementary,East Syracuse Elementary,43.068611,-76.074583,10/25/2023,23:46:00,0,15.778,72.627,0,0.5,146,SE
East Syracuse Elementary,East Syracuse Elementary,43.068611,-76.074583,10/26/2023,0:01:00,0,15.692,75.43,0,0.5,146,SE
East Syracuse Elementary,East Syracuse Elementary,43.068611,-76.074583,10/26/2023,0:16:00,0,15.285,78.598,0,0,146,SE
East Syracuse Elementary,East Syracuse Elementary,43.068611,-76.074583,10/26/2023,0:31:00,0,14.92,83.661,0,0.5,146,SE
East Syracuse Elementary,East Syracuse Elementary,43.068611,-76.074583,10/26/2023,0:46:00,0,14.899,82.211,0,0.5,146,SE
East Syracuse Elementary,East Syracuse Elementary,43.068611,-76.074583,10/26/2023,1:01:00,0,14.941,84.173,0,0,146,SE
East Syracuse Elementary,East Syracuse Elementary,43.068611,-76.074583,10/26/2023,1:16:00,0,14.663,87.346,0,0,146,SE
East Syracuse Elementary,East Syracuse Elementary,43.068611,-76.074583,10/26/2023,1:31:00,0,14.663,87.251,0,0,146,SE
East Syracuse Elementary,East Syracuse Elementary,43.068611,-76.074583,10/26/2023,1:46:00,0,14.791,83.809,0,0.5,146,SE
East Syracuse Elementary,East Syracuse Elementary,43.068611,-76.074583,10/26/2023,2:01:00,0,16.421,67.085,0.5,3.02,234.5,SW
East Syracuse Elementary,East Syracuse Elementary,43.068611,-76.074583,10/26/2023,2:16:00,0,16.293,67.836,0,2.52,293.4,NW
East Syracuse Elementary,East Syracuse Elementary,43.068611,-76.074583,10/26/2023,2:31:00,0,15.435,75.238,0,1.51,273.8,W
East Syracuse Elementary,East Syracuse Elementary,43.068611,-76.074583,10/26/2023,2:46:00,0,15.327,75.956,0,0.5,168.5,S
East Syracuse Elementary,East Syracuse Elementary,43.068611,-76.074583,10/26/2023,3:01:00,0,15.542,75.949,0,1.01,168.5,S
East Syracuse Elementary,East Syracuse Elementary,43.068611,-76.074583,10/26/2023,3:16:00,0,15.306,74.533,0,0,168.5,S
East Syracuse Elementary,East Syracuse Elementary,43.068611,-76.074583,10/26/2023,3:31:00,0,15.435,71.281,0,1.01,168.5,S
East Syracuse Elementary,East Syracuse Elementary,43.068611,-76.074583,10/26/2023,3:46:00,0,15.435,69.972,0,0,168.5,S
East Syracuse Elementary,East Syracuse Elementary,43.068611,-76.074583,10/26/2023,4:01:00,0,15.049,74.247,0,0,168.5,S
East Syracuse Elementary,East Syracuse Elementary,43.068611,-76.074583,10/26/2023,4:16:00,0,14.62,78.186,0,0,168.5,S
East Syracuse Elementary,East Syracuse Elementary,43.068611,-76.074583,10/26/2023,4:31:00,0,14.62,79.217,0,1.51,171.3,S
East Syracuse Elementary,East Syracuse Elementary,43.068611,-76.074583,10/26/2023,4:46:00,0.2,15.821,70.649,0.5,3.02,228.8,SW
East Syracuse Elementary,East Syracuse Elementary,43.068611,-76.074583,10/26/2023,5:01:00,0,15.756,74.916,1.51,4.53,227.4,SW
East Syracuse Elementary,East Syracuse Elementary,43.068611,-76.074583,10/26/2023,5:16:00,0,15.735,76.703,1.01,4.53,230.2,SW
East Syracuse Elementary,East Syracuse Elementary,43.068611,-76.074583,10/26/2023,5:31:00,0,15.242,81.894,1.01,3.52,227.4,SW
East Syracuse Elementary,East Syracuse Elementary,43.068611,-76.074583,10/26/2023,5:46:00,0,15.327,82.074,0.5,2.01,223.2,SW
East Syracuse Elementary,East Syracuse Elementary,43.068611,-76.074583,10/26/2023,6:01:00,0,15.263,83.896,0,2.01,228.8,SW
East Syracuse Elementary,East Syracuse Elementary,43.068611,-76.074583,10/26/2023,6:16:00,0.4,15.22,85.187,0,1.51,233.1,SW
East Syracuse Elementary,East Syracuse Elementary,43.068611,-76.074583,10/26/2023,6:31:00,0.2,14.641,90.451,0,0.5,240.1,SW
East Syracuse Elementary,East Syracuse Elementary,43.068611,-76.074583,10/26/2023,6:46:00,0.2,14.384,93.004,0,0,240.1,SW
East Syracuse Elementary,East Syracuse Elementary,43.068611,-76.074583,10/26/2023,7:01:00,0.2,14.298,94.528,0,0,240.1,SW
East Syracuse Elementary,East Syracuse Elementary,43.068611,-76.074583,10/26/2023,7:16:00,0,14.191,95.714,0,0,240.1,SW
East Syracuse Elementary,East Syracuse Elementary,43.068611,-76.074583,10/26/2023,7:31:00,0,14.255,95.967,0,0,240.1,SW
East Syracuse Elementary,East Syracuse Elementary,43.068611,-76.074583,10/26/2023,7:46:00,0,14.362,95.64,0,0,240.1,SW
East Syracuse Elementary,East Syracuse Elementary,43.068611,-76.074583,10/26/2023,8:01:00,0,14.427,95.76,0,0,240.1,SW
East Syracuse Elementary,East Syracuse Elementary,43.068611,-76.074583,10/26/2023,8:16:00,0,14.77,93.988,0,0,240.1,SW
East Syracuse Elementary,East Syracuse Elementary,43.068611,-76.074583,10/26/2023,8:31:00,0,14.813,92.914,0,0.5,240.1,SW
East Syracuse Elementary,East Syracuse Elementary,43.068611,-76.074583,10/26/2023,8:46:00,0,14.877,91.728,0,1.51,189.5,S
East Syracuse Elementary,East Syracuse Elementary,43.068611,-76.074583,10/26/2023,9:01:00,0,14.77,91.037,0,1.51,176.9,S
East Syracuse Elementary,East Syracuse Elementary,43.068611,-76.074583,10/26/2023,9:16:00,0,14.899,89.735,0,0.5,162.9,S
East Syracuse Elementary,East Syracuse Elementary,43.068611,-76.074583,10/26/2023,9:31:00,0,15.134,90.028,0,0.5,162.9,S
East Syracuse Elementary,East Syracuse Elementary,43.068611,-76.074583,10/26/2023,9:46:00,0,15.285,89.123,0,1.01,162.9,S
East Syracuse Elementary,East Syracuse Elementary,43.068611,-76.074583,10/26/2023,10:01:00,0,15.628,86.139,0,0,162.9,S
East Syracuse Elementary,East Syracuse Elementary,43.068611,-76.074583,10/26/2023,10:16:00,0,15.821,87.08,0,0.5,162.9,S
East Syracuse Elementary,East Syracuse Elementary,43.068611,-76.074583,10/26/2023,10:31:00,0,16.078,84.765,0,1.01,161.5,S
East Syracuse Elementary,East Syracuse Elementary,43.068611,-76.074583,10/26/2023,10:46:00,0,16.593,82.832,0,0.5,161.5,S
East Syracuse Elementary,East Syracuse Elementary,43.068611,-76.074583,10/26/2023,11:01:00,0,17.279,80.557,0,0.5,161.5,S
East Syracuse Elementary,East Syracuse Elementary,43.068611,-76.074583,10/26/2023,11:16:00,0,17.88,76.095,0,1.01,160,S
East Syracuse Elementary,East Syracuse Elementary,43.068611,-76.074583,10/26/2023,11:31:00,0,18.073,76.342,0,1.01,160,S
East Syracuse Elementary,East Syracuse Elementary,43.068611,-76.074583,10/26/2023,11:46:00,0,18.502,75.613,0,1.01,160,S
East Syracuse Elementary,East Syracuse Elementary,43.068611,-76.074583,10/26/2023,12:01:00,0,19.017,74.874,0,1.01,160,S
East Syracuse Elementary,East Syracuse Elementary,43.068611,-76.074583,10/26/2023,12:16:00,0,19.102,77.331,0,1.01,160,S
East Syracuse Elementary,East Syracuse Elementary,43.068611,-76.074583,10/26/2023,12:31:00,0,19.681,74.473,0,1.51,116.5,SE
East Syracuse Elementary,East Syracuse Elementary,43.068611,-76.074583,10/26/2023,12:46:00,0,20.196,73.043,0,1.51,50.5,NE
East Syracuse Elementary,East Syracuse Elementary,43.068611,-76.074583,10/26/2023,13:01:00,0,21.44,67.372,0.5,2.01,54.8,NE
East Syracuse Elementary,East Syracuse Elementary,43.068611,-76.074583,10/26/2023,13:16:00,0,21.633,67.071,0,1.51,57.6,NE
East Syracuse Elementary,East Syracuse Elementary,43.068611,-76.074583,10/26/2023,13:31:00,0,21.569,68.215,0,2.01,57.6,NE
East Syracuse Elementary,East Syracuse Elementary,43.068611,-76.074583,10/26/2023,13:46:00,0,21.676,67.756,0.5,2.52,12.6,N
East Syracuse Elementary,East Syracuse Elementary,43.068611,-76.074583,10/26/2023,14:01:00,0,21.333,71.749,0.5,2.01,16.8,N
East Syracuse Elementary,East Syracuse Elementary,43.068611,-76.074583,10/26/2023,14:16:00,0,20.84,74.62,1.01,3.02,30.9,NE
East Syracuse Elementary,East Syracuse Elementary,43.068611,-76.074583,10/26/2023,14:31:00,0,21.097,73.397,1.01,2.01,14,N
East Syracuse Elementary,East Syracuse Elementary,43.068611,-76.074583,10/26/2023,14:46:00,0,20.818,74.62,0.5,2.01,26.7,NE
East Syracuse Elementary,East Syracuse Elementary,43.068611,-76.074583,10/26/2023,15:01:00,0,20.904,74.711,0.5,2.01,23.9,NE
East Syracuse Elementary,East Syracuse Elementary,43.068611,-76.074583,10/26/2023,15:16:00,0,20.496,75.444,0.5,2.01,14,N
East Syracuse Elementary,East Syracuse Elementary,43.068611,-76.074583,10/26/2023,15:31:00,0,20.26,75.454,0.5,2.01,23.9,NE
East Syracuse Elementary,East Syracuse Elementary,43.068611,-76.074583,10/26/2023,15:46:00,0,20.561,75.871,0.5,1.51,33.7,NE
East Syracuse Elementary,East Syracuse Elementary,43.068611,-76.074583,10/26/2023,16:01:00,0,20.689,73.548,0.5,2.01,32.3,NE
East Syracuse Elementary,East Syracuse Elementary,43.068611,-76.074583,10/26/2023,16:16:00,0,20.882,73.571,0.5,1.51,30.9,NE
East Syracuse Elementary,East Syracuse Elementary,43.068611,-76.074583,10/26/2023,16:31:00,0,20.647,73.313,0.5,2.01,15.4,N
East Syracuse Elementary,East Syracuse Elementary,43.068611,-76.074583,10/26/2023,16:46:00,0,20.368,74.252,0.5,2.01,32.3,NE
East Syracuse Elementary,East Syracuse Elementary,43.068611,-76.074583,10/26/2023,17:01:00,0,20.046,74.888,0.5,2.01,39.3,NE
East Syracuse Elementary,East Syracuse Elementary,43.068611,-76.074583,10/26/2023,17:16:00,0,20.539,72.839,0,1.01,49.1,NE
East Syracuse Elementary,East Syracuse Elementary,43.068611,-76.074583,10/26/2023,17:31:00,0,19.874,75.846,0,1.51,73,E
East Syracuse Elementary,East Syracuse Elementary,43.068611,-76.074583,10/26/2023,17:46:00,0,19.424,78.515,0,1.01,59,NE
East Syracuse Elementary,East Syracuse Elementary,43.068611,-76.074583,10/26/2023,18:01:00,0,18.781,81.843,0,1.01,60.4,NE
East Syracuse Elementary,East Syracuse Elementary,43.068611,-76.074583,10/26/2023,18:16:00,0,18.073,84.677,0,0,60.4,NE
East Syracuse Elementary,East Syracuse Elementary,43.068611,-76.074583,10/26/2023,18:31:00,0,17.58,87.277,0,0,60.4,NE
East Syracuse Elementary,East Syracuse Elementary,43.068611,-76.074583,10/26/2023,18:46:00,0,17.236,89.114,0,0,60.4,NE
East Syracuse Elementary,East Syracuse Elementary,43.068611,-76.074583,10/26/2023,19:01:00,0,17.901,86.513,0,0.5,60.4,NE
East Syracuse Elementary,East Syracuse Elementary,43.068611,-76.074583,10/26/2023,19:16:00,0,17.322,88.82,0,0,60.4,NE
East Syracuse Elementary,East Syracuse Elementary,43.068611,-76.074583,10/26/2023,19:31:00,0,17.193,89.003,0,0.5,60.4,NE
East Syracuse Elementary,East Syracuse Elementary,43.068611,-76.074583,10/26/2023,19:46:00,0,17.537,87.639,0,0,60.4,NE
East Syracuse Elementary,East Syracuse Elementary,43.068611,-76.074583,10/26/2023,20:01:00,0,17.172,88.444,0,0.5,60.4,NE
East Syracuse Elementary,East Syracuse Elementary,43.068611,-76.074583,10/26/2023,20:16:00,0,16.529,92.244,0,0,60.4,NE
East Syracuse Elementary,East Syracuse Elementary,43.068611,-76.074583,10/26/2023,20:31:00,0,16.078,92.836,0,0,60.4,NE
East Syracuse Elementary,East Syracuse Elementary,43.068611,-76.074583,10/26/2023,20:46:00,0,16.336,92.071,0,0,60.4,NE
East Syracuse Elementary,East Syracuse Elementary,43.068611,-76.074583,10/26/2023,21:01:00,0,16.1,93.257,0,0,60.4,NE
East Syracuse Elementary,East Syracuse Elementary,43.068611,-76.074583,10/26/2023,21:16:00,0,15.671,94.148,0,0,60.4,NE
East Syracuse Elementary,East Syracuse Elementary,43.068611,-76.074583,10/26/2023,21:31:00,0,15.735,93.353,0,0,60.4,NE
East Syracuse Elementary,East Syracuse Elementary,43.068611,-76.074583,10/26/2023,21:46:00,0,15.413,95.517,0,0,60.4,NE
East Syracuse Elementary,East Syracuse Elementary,43.068611,-76.074583,10/26/2023,22:01:00,0,15.156,94.768,0,0,60.4,NE
East Syracuse Elementary,East Syracuse Elementary,43.068611,-76.074583,10/26/2023,22:16:00,0,15.22,94.551,0,0,60.4,NE
East Syracuse Elementary,East Syracuse Elementary,43.068611,-76.074583,10/26/2023,22:31:00,0,14.984,86.88,0,0.5,60.4,NE
East Syracuse Elementary,East Syracuse Elementary,43.068611,-76.074583,10/26/2023,22:46:00,0,18.759,60.134,0,2.01,57.6,NE
East Syracuse Elementary,East Syracuse Elementary,43.068611,-76.074583,10/26/2023,23:01:00,0,20.625,49.139,0.5,3.02,228.8,SW
East Syracuse Elementary,East Syracuse Elementary,43.068611,-76.074583,10/26/2023,23:16:00,0,20.689,48.91,1.01,4.03,234.5,SW
East Syracuse Elementary,East Syracuse Elementary,43.068611,-76.074583,10/26/2023,23:31:00,0,20.26,50.613,0,3.02,219,SW
East Syracuse Elementary,East Syracuse Elementary,43.068611,-76.074583,10/26/2023,23:46:00,0,19.681,52.219,0,1.01,205,SW
East Syracuse Elementary,East Syracuse Elementary,43.068611,-76.074583,10/27/2023,0:01:00,0,19.789,51.519,0,2.01,223.2,SW
East Syracuse Elementary,East Syracuse Elementary,43.068611,-76.074583,10/27/2023,0:16:00,0,19.939,51.395,0,3.02,221.8,SW
East Syracuse Elementary,East Syracuse Elementary,43.068611,-76.074583,10/27/2023,0:31:00,0,20.089,50.539,0.5,3.02,217.6,SW
East Syracuse Elementary,East Syracuse Elementary,43.068611,-76.074583,10/27/2023,0:46:00,0,19.96,51.583,0.5,3.52,221.8,SW
East Syracuse Elementary,East Syracuse Elementary,43.068611,-76.074583,10/27/2023,1:01:00,0,20.067,51.958,0,2.52,219,SW
East Syracuse Elementary,East Syracuse Elementary,43.068611,-76.074583,10/27/2023,1:16:00,0,19.874,52.389,0.5,2.52,241.5,SW
East Syracuse Elementary,East Syracuse Elementary,43.068611,-76.074583,10/27/2023,1:31:00,0,20.046,53.414,0.5,2.52,231.6,SW
East Syracuse Elementary,East Syracuse Elementary,43.068611,-76.074583,10/27/2023,1:46:00,0,19.917,53.256,0,2.01,217.6,SW
East Syracuse Elementary,East Syracuse Elementary,43.068611,-76.074583,10/27/2023,2:01:00,0,19.467,55.351,0,1.01,241.5,SW
East Syracuse Elementary,East Syracuse Elementary,43.068611,-76.074583,10/27/2023,2:16:00,0,20.067,53.475,0,2.52,227.4,SW
East Syracuse Elementary,East Syracuse Elementary,43.068611,-76.074583,10/27/2023,2:31:00,0,19.596,54.463,0,1.01,258.3,W
East Syracuse Elementary,East Syracuse Elementary,43.068611,-76.074583,10/27/2023,2:46:00,0,19.102,56.78,0,0.5,256.9,W
East Syracuse Elementary,East Syracuse Elementary,43.068611,-76.074583,10/27/2023,3:01:00,0,19.081,56.632,0,1.51,247.1,SW
East Syracuse Elementary,East Syracuse Elementary,43.068611,-76.074583,10/27/2023,3:16:00,0,18.952,57.644,0,0.5,226,SW
East Syracuse Elementary,East Syracuse Elementary,43.068611,-76.074583,10/27/2023,3:31:00,0,19.059,57.224,0,0.5,226,SW
East Syracuse Elementary,East Syracuse Elementary,43.068611,-76.074583,10/27/2023,3:46:00,0,19.145,57.009,0,2.52,190.9,S
East Syracuse Elementary,East Syracuse Elementary,43.068611,-76.074583,10/27/2023,4:01:00,0,18.823,58.103,0,1.01,206.4,SW
East Syracuse Elementary,East Syracuse Elementary,43.068611,-76.074583,10/27/2023,4:16:00,0,18.716,59.022,0,1.51,188.1,S
East Syracuse Elementary,East Syracuse Elementary,43.068611,-76.074583,10/27/2023,4:31:00,0,19.531,55.915,0,3.52,205,SW
East Syracuse Elementary,East Syracuse Elementary,43.068611,-76.074583,10/27/2023,4:46:00,0,19.467,56.075,0.5,2.01,254.1,W
East Syracuse Elementary,East Syracuse Elementary,43.068611,-76.074583,10/27/2023,5:01:00,0,18.995,58.029,0,2.01,304.7,NW
East Syracuse Elementary,East Syracuse Elementary,43.068611,-76.074583,10/27/2023,5:16:00,0,18.738,58.74,0,2.52,280.8,W
East Syracuse Elementary,East Syracuse Elementary,43.068611,-76.074583,10/27/2023,5:31:00,0,18.266,60.644,0,2.01,183.9,S
East Syracuse Elementary,East Syracuse Elementary,43.068611,-76.074583,10/27/2023,5:46:00,0,18.244,60.616,0,2.01,174.1,S
East Syracuse Elementary,East Syracuse Elementary,43.068611,-76.074583,10/27/2023,6:01:00,0,18.094,61.592,0,1.01,182.5,S
East Syracuse Elementary,East Syracuse Elementary,43.068611,-76.074583,10/27/2023,6:16:00,0,18.073,62.075,0,2.01,206.4,SW
East Syracuse Elementary,East Syracuse Elementary,43.068611,-76.074583,10/27/2023,6:31:00,0,18.373,61.141,0.5,2.52,178.3,S
East Syracuse Elementary,East Syracuse Elementary,43.068611,-76.074583,10/27/2023,6:46:00,0,18.63,60.162,0,2.52,168.5,S
East Syracuse Elementary,East Syracuse Elementary,43.068611,-76.074583,10/27/2023,7:01:00,0,18.18,61.814,0,1.51,190.9,S
East Syracuse Elementary,East Syracuse Elementary,43.068611,-76.074583,10/27/2023,7:16:00,0,18.116,61.871,0,2.52,192.3,S
East Syracuse Elementary,East Syracuse Elementary,43.068611,-76.074583,10/27/2023,7:31:00,0,19.059,59.681,0.5,2.01,202.2,S
East Syracuse Elementary,East Syracuse Elementary,43.068611,-76.074583,10/27/2023,7:46:00,0,19.017,60.882,0.5,2.52,179.7,S
East Syracuse Elementary,East Syracuse Elementary,43.068611,-76.074583,10/27/2023,8:01:00,0,17.858,65.989,0,1.51,174.1,S
East Syracuse Elementary,East Syracuse Elementary,43.068611,-76.074583,10/27/2023,8:16:00,0,17.858,65.231,0,1.51,174.1,S
East Syracuse Elementary,East Syracuse Elementary,43.068611,-76.074583,10/27/2023,8:31:00,0,18.995,62.741,0,2.52,171.3,S
East Syracuse Elementary,East Syracuse Elementary,43.068611,-76.074583,10/27/2023,8:46:00,0,20.153,58.697,0,3.02,196.5,S
East Syracuse Elementary,East Syracuse Elementary,43.068611,-76.074583,10/27/2023,9:01:00,0,20.754,55.549,1.01,3.52,213.4,SW
East Syracuse Elementary,East Syracuse Elementary,43.068611,-76.074583,10/27/2023,9:16:00,0,20.625,56.934,1.01,3.02,224.6,SW
East Syracuse Elementary,East Syracuse Elementary,43.068611,-76.074583,10/27/2023,9:31:00,0,20.732,57.339,1.51,4.53,235.9,SW
East Syracuse Elementary,East Syracuse Elementary,43.068611,-76.074583,10/27/2023,9:46:00,0,20.647,57.429,0.5,3.52,223.2,SW
East Syracuse Elementary,East Syracuse Elementary,43.068611,-76.074583,10/27/2023,10:01:00,0,20.754,57.206,0.5,5.03,200.8,S
East Syracuse Elementary,East Syracuse Elementary,43.068611,-76.074583,10/27/2023,10:16:00,0,20.668,58.161,1.01,3.52,227.4,SW
East Syracuse Elementary,East Syracuse Elementary,43.068611,-76.074583,10/27/2023,10:31:00,0.8,18.18,78.895,1.01,4.53,230.2,SW
East Syracuse Elementary,East Syracuse Elementary,43.068611,-76.074583,10/27/2023,10:46:00,0.2,17.236,86.696,0.5,2.52,186.7,S
East Syracuse Elementary,East Syracuse Elementary,43.068611,-76.074583,10/27/2023,11:01:00,0.4,17.215,88.441,0.5,2.52,174.1,S
East Syracuse Elementary,East Syracuse Elementary,43.068611,-76.074583,10/27/2023,11:16:00,0,17.558,86.766,0,2.01,165.7,S
East Syracuse Elementary,East Syracuse Elementary,43.068611,-76.074583,10/27/2023,11:31:00,0,18.116,85.452,0,1.51,179.7,S
East Syracuse Elementary,East Syracuse Elementary,43.068611,-76.074583,10/27/2023,11:46:00,0.4,18.18,87.659,0,2.52,130.6,SE
East Syracuse Elementary,East Syracuse Elementary,43.068611,-76.074583,10/27/2023,12:01:00,0,19.145,83.587,0,1.51,143.2,SE
East Syracuse Elementary,East Syracuse Elementary,43.068611,-76.074583,10/27/2023,12:16:00,0,19.553,82.412,0,2.52,158.6,S
East Syracuse Elementary,East Syracuse Elementary,43.068611,-76.074583,10/27/2023,12:31:00,0,21.076,76.556,0.5,2.52,162.9,S
East Syracuse Elementary,East Syracuse Elementary,43.068611,-76.074583,10/27/2023,12:46:00,0,20.582,75.792,0,1.51,150.2,SE
East Syracuse Elementary,East Syracuse Elementary,43.068611,-76.074583,10/27/2023,13:01:00,0,20.968,76.869,0,0.5,150.2,SE
East Syracuse Elementary,East Syracuse Elementary,43.068611,-76.074583,10/27/2023,13:16:00,0,22.019,70.564,0,1.01,150.2,SE
